NAME,LATITUDE,LONGITUDE
ONCOR ELECTRIC DELIVERY - HUTTO,30.6060793,-97.575208
PECK SUBSTATION,31.7848768,-101.8360271
BROWNSVILLE PUBLIC UTILITY BOARD ADMINISTRATION BUILDING,25.9247549,-97.4675521
LULING MAGNOLIA SUBSTATION,29.7210216,-97.7256368
FREESTONE TAP,31.5491722,-96.2417061
WAELDER SUBSTATION,29.6789833,-97.3008957
DARST CREEK SUBSTATION,29.5850567,-97.7784748
GALENA PARK SUBSTATION,29.7458394,-95.2308209
DROUET SUBSTATION,29.6671513,-95.2830384
CAMP WOOD SUBSTATION,29.6641997,-100.0225935
UTOPIA SUBSTATION,29.6461984,-99.5217823
LEAKEY SUBSTATION,29.6810774,-99.7619179
TARPLEY SUBSTATION,29.6653565,-99.2747469
OLSEN SUBSTATION,31.7767374,-97.5642983
WELLINGTON SUBSTATION,34.8632709,-100.211291
SHAMROCK SUBSTATION,34.853864,-100.2096328
FRIEND RANCH SUBSTATION,30.708033,-101.1431002
JIM PAYNE SUBSTATION,32.6540653,-102.0399812
FORT LANCASTER,30.6635514,-101.778673
ROSITA CREEK SUBSTATION,28.6991559,-100.4051474
COTULLA SUBSTATION,28.4481734,-99.2549959
BIG WELLS SUBSTATION,28.5653262,-99.535837
W. A. PARISH STATION (345 KV),29.4807767,-95.6242191
PAINT CREEK SUBSTATION,33.080031,-99.580709
CHALK SUBSTATION,32.1112294,-101.2764294
RUNGE SUBSTATION,28.8706549,-97.7015437
NIXON SUBSTATION,29.308137,-97.7408337
HOLCOMB SUBSTATION,28.0332546,-99.3616349
EAGLE HYDRO SUBSTATION,28.8297505,-100.5520484
EAGLE PASS SUBSTATION,28.7160315,-100.4904126
CONOCO-CHITTAM RANCH SUBSTATION,28.6964277,-100.1972292
ESCONDIDO SUBSTATION,28.7284739,-100.4744525
MAVERICK SUBSTATION,28.8667609,-100.5505902
WILDORADO SUBSTATION,35.2108923,-102.2028445
STERLING CITY SUBSTATION,31.8398143,-101.0112015
PARKER RANCH SUBSTATION,30.5534124,-101.5355637
ENCINAL SUBSTATION,28.0466754,-99.3574469
LA QUINTA SUBSTATION,27.4874721,-99.0066386
ZAPATA SUBSTATION,26.9328287,-99.2337055
MUSTANG SUBSTATION,32.4529944,-102.3704526
WEST LEVEE SUBSTATION,32.7776352,-96.825784
EAST LEVEE SUBSTATION,32.7838349,-96.8197487
800/900 NETWORK SUBSTATION,32.7871661,-96.8137372
NORTHWEST CARROLLTON SUBSTATION,32.9844093,-96.9385625
WHITESTONE SUBSTATION,30.5200544,-97.8304674
BALCONES SUBSTATION,30.4610514,-97.8302013
BUTTERCUP SUBSTATION,30.4868993,-97.8238964
AVERY RANCH SUBSTATION,30.491385,-97.7878844
BLOCKHOUSE SUBSTATION,30.5483726,-97.8382414
LAKE HUBBARD STATION,32.8369804,-96.5477006
HILLTOP SUBSTATION,29.8986018,-97.9414892
STRAHAN SUBSTATION,29.8896884,-97.9324048
ZORN SUBSTATION,29.7726536,-97.9497492
TRI-CORNER SUBSTATION,32.553663,-96.5375282
INDUSTRIAL BOULEVARD SUBSTATION,32.7591452,-96.7891834
SPICEWOOD SUBSTATION,30.4202597,-97.7969358
SAN MARCOS SUBSTATION,29.8774213,-97.9179819
REDWOOD SUBSTATION,29.850531,-97.9447557
MARSHALL FORD LOWER SWITCHYARD,30.3899725,-97.9075505
WIMBERLEY SUBSTATION,29.999631,-98.1026481
SARGENT ROAD SUBSTATION,32.7278605,-96.7741728
PARKDALE SUBSTATION,32.7757298,-96.7242145
CANYON SUBSTATION,29.9115328,-97.9000971
CEDAR CREST SUBSTATION,32.7215991,-96.8022045
CEDAR CREST SWITCHING STATION,32.7218434,-96.804175
WATERMILL SUBSTATION,32.5586511,-96.726362
WILMER SUBSTATION,32.5819975,-96.6859961
PRAIRIE CREEK SUBSTATION,32.7772324,-96.6631688
W. A. PARISH STATION (138 KV),29.4828041,-95.6302752
COMANCHE PEAK STATION,32.2977676,-97.7898598
DECORDOVA STATION,32.4026226,-97.6975261
SOUTH TEXAS PROJECT SWITCHYARD,28.7995593,-96.050171
EAST MESQUITE SUBSTATION,32.7753503,-96.5725055
FORNEY SUBSTATION,32.7578598,-96.4869677
TRINITY BAY SUBSTATION,29.6892295,-94.9116336
CEDAR BAYOU PLANT SUBSTATION,29.7481254,-94.9249778
BENBROOK SUBSTATION,32.6850332,-97.4712639
CALMONT SUBSTATION,32.7360234,-97.4498108
FARON STREET SUBSTATION,32.7097359,-97.4050967
BAYTOWN SUBSTATION,29.7333624,-95.0048632
WARVUE SUBSTATION,29.8380997,-94.8975246
S.R. BERTRON PLANT,29.7250983,-95.0602898
LYNCH SUBSTATION,29.7675774,-95.0724662
PEMEX SUBSTATION,29.7219858,-95.1238958
CHANNELVIEW SUBSTATION,29.7756394,-95.1509737
INDUSTRIAL SUBSTATION,29.7521241,-95.1858534
DEPOT SUBSTATION,29.7520837,-95.1268454
CLINTON SUBSTATION,29.7555402,-95.3011668
UNIVERSITY SUBSTATION,29.716822,-95.3314119
POWELL SUBSTATION,29.6264645,-95.0388483
HIMONT SUBSTATION,29.6342861,-95.0558786
LOMAX SUBSTATION,29.6338556,-95.0842081
GARDEN VILLAS SUBSTATION,29.6510321,-95.3144354
BUSCH SUBSTATION,29.7748996,-95.2678672
SOUTH HOUSTON SUBSTATION,29.6289735,-95.2251524
GULFGATE SUBSTATION,29.6931068,-95.3001034
DYER SUBSTATION,31.8013014,-106.4425691
GRANT SUBSTATION,29.7033768,-95.4016361
GARROTT SUBSTATION,29.7328905,-95.3859821
CARDIFF SUBSTATION,29.6536299,-95.1547617
SPENCER SUBSTATION,29.6578407,-95.1907656
MONT BELVIEU SUBSTATION,29.8402199,-94.8939533
CHANNELVIEW COGEN SUBSTATION,29.8365674,-95.1234255
221 - NASA SUBSTATION,29.563161,-95.085244
POLARIS SUBSTATION,29.5784036,-95.0988096
ARMAND SUBSTATION,29.6240286,-95.0880674
SOUTHEAST SUBSTATION,29.6296653,-95.1511253
P. H. ROBINSON SWITCHING STATION,29.4878334,-94.9825679
ELLINGTON SUBSTATION,29.5881782,-95.1805422
EAST SIDE SUBSTATION,29.7470676,-95.3531087
PASADENA SUBSTATION,29.6899785,-95.2233001
MAGNOLIA PARK SUBSTATION,29.7437129,-95.3109398
DOWNTOWN SUBSTATION,29.7551199,-95.3737938
1,25.82266,-97.4869939
INFONAVIT,25.8453654,-97.5176948
LAURO VILLAR,25.8337099,-97.4208373
ORIENT SUBSTATION,31.6539404,-100.3268767
WEBSTER DISTRIBUTION SUBSTATION,29.5387687,-95.1075016
WEBSTER SUBSTATION,29.5283405,-95.104951
DRAPER LAKE SUBSTATION,35.3319504,-97.3289554
KIRBY SUBSTATION,29.4653848,-98.3924152
GIBBONS CREEK STATION,30.6225353,-96.081524
KEITH SWITCHING STATION,30.6510846,-96.0913738
JACK CREEK SUBSTATION,30.8588896,-96.2588727
SEALY SUBSTATION,29.7791151,-96.1708158
FAYETTE PLANT #1 SUBSTATION,29.9182946,-96.7551671
FAYETTE PLANT 138 KV SUBSTATION,29.9123189,-96.7551456
HOLMAN SUBSTATION,29.795554,-96.8783831
WALLIS SUBSTATION,29.6309673,-96.0762448
NAVASOTA SUBSTATION,30.3752063,-96.0273475
EAST BERNARD SUBSTATION,29.5235668,-96.0702507
PETERS SUBSTATION,29.8477096,-96.2005969
FAYETTEVILLE SUBSTATION,29.9626962,-96.6875846
BELLVILLE SUBSTATION,29.9592914,-96.2634366
BELLVILLE SOUTH SUBSTATION,29.9242682,-96.2559254
CAGNON ROAD SUBSTATION,29.4161433,-98.7181849
ANDERSON SUBSTATION,29.483879,-98.7183807
HELOTES SUBSTATION,29.5481778,-98.6818689
GREAT SOUTHWEST SUBSTATION,32.7461988,-97.0738058
CHAPPEL HILL SUBSTATION,30.1385073,-96.3254195
HIGHWAY 36 SUBSTATION,30.1226172,-96.3737986
WALLER SUBSTATION,30.0766237,-96.0832073
SALEM SUBSTATION,30.1112125,-96.4256642
BRENHAM SUBSTATION,30.1505894,-96.3945665
GLIDDEN SUBSTATION,29.6969144,-96.5718684
CUMBRES FRONTERA,26.0961405,-98.3931268
EAST 61ST STREET SUBSTATION,36.0748315,-95.8778077
SKYLINE SUBSTATION,35.5953754,-97.5362611
BRENHAM NORTH SUBSTATION,30.1818243,-96.3817575
CRABB RIVER ROAD SUBSTATION,29.5627981,-95.6985157
FRANZ SUBSTATION,29.8030261,-95.7538458
MASON ROAD SUBSTATION,29.745516,-95.7390128
O'BRIEN SUBSTATION,29.6706973,-95.7161019
JEWETT SUBSTATION,31.3710504,-96.1334191
WHARTON SUBSTATION,29.3136327,-96.1076431
SOUTH TEXAS PROJECT TAP,28.8759146,-96.1072384
HILLJE SUBSTATION,29.0297003,-96.2364873
BALL PARK SUBSTATION,29.3967675,-98.4889181
EAST SUBSTATION,30.6594458,-96.2989477
COLLEGE STATION SWITCHING STATION,30.6277246,-96.2942915
TABOR SUBSTATION,30.7159983,-96.3646632
TWIN OAKS SUBSTATION,31.1854593,-96.4841069
LEWIS CREEK SUBSTATION,30.4373042,-95.5215467
DANSBY SUBSTATION,30.7221456,-96.4588366
LIMESTONE STATION,31.4243538,-96.2470613
ARROYO DEL COYOTE,27.3625302,-99.54753
CARBÓN II,28.4655053,-100.7001587
RÍO ESCONDIDO,28.483857,-100.6925619
GRIMES SUBSTATION,30.6236904,-95.9089635
WILLOW SPRINGS SUBSTATION,29.9502083,-96.6139709
NEW BREMEN SUBSTATION,29.9198179,-96.3990307
LAREDO PONIENTE,27.5067634,-99.5712875
CIUDAD INDUSTRIAL,27.47387,-99.6458623
SOMERVILLE SUBSTATION,30.3385722,-96.5217792
KING SUBSTATION,29.9153395,-95.2163145
PIEDRAS NEGRAS POTENCIA,28.6739779,-100.6136978
SUBESTACIÓN NAVA,28.4189092,-100.8105696
STREICH ROAD SUBSTATION,29.2758077,-98.3739793
GRISSOM ROAD SUBSTATION,29.4764484,-98.6489325
HIGHLAND HILLS SUBSTATION,29.3589115,-98.40909
GRANDVIEW SUBSTATION,29.4049694,-98.4442747
TOYOTA SUBSTATION,29.268979,-98.5372461
HOWARD SUBSTATION,29.2805128,-98.572004
PIPE CREEK SUBSTATION,29.7153717,-98.8988161
SUMMIT SUBSTATION,30.3981165,-97.7237882
R.S. KERR SUBSTATION,35.34439,-94.7735845
SUNSET CORNER SUBSTATION,35.25441,-94.7586034
ELMENDORF SUBSTATION,29.270218,-98.3221644
COLISEUM SUBSTATION,29.4326262,-98.4443385
HOLBROOK SUBSTATION,29.4634732,-98.4165984
FLINT CREEK SUBSTATION,36.2540154,-94.5276055
SAINT HEDWIG SUBSTATION,29.4271595,-98.3966963
BROOKS FIELD SUBSTATION,29.334543,-98.4497995
OLMOS SUBSTATION,29.4841892,-98.4910556
TENTH STREET SUBSTATION,29.4326601,-98.4799062
FOREST HILL SUBSTATION,35.2469202,-96.9536806
TECUMSEH TOWN SUBSTATION,35.2901042,-96.9247197
REMINGTON SUBSTATION,35.3402261,-96.8938311
WEIDERSTEIN SUBSTATION,29.5991214,-98.2653033
WESTSIDE SUBSTATION,29.4397815,-98.5609105
RUSHING SUBSTATION,35.3693093,-96.9095819
PINN ROAD SUBSTATION,29.4132693,-98.623442
ST. GREGORY SUBSTATION,35.3695515,-96.9645031
WESTOVER HILLS SUBSTATION,29.4811246,-98.6943429
VLSI SUBSTATION,29.4735314,-98.6785475
ROCK CREEK SUBSTATION,35.39027,-96.9143244
W. RED HILL SUBSTATION,35.4059071,-96.8940524
DE ZAVALA ROAD SUBSTATION,29.5715074,-98.5663787
MEDICAL CENTER SUBSTATION,29.5207624,-98.5757141
CASTLE HILLS SUBSTATION,29.5385134,-98.5258173
LA SIERRA SUBSTATION,29.6171858,-98.6080393
UTSA SUBSTATION,29.5865268,-98.6259333
HAZEL DELL SUBSTATION,35.4485886,-96.9986892
DALE SUBSTATION,35.3762145,-97.0829644
OAKS SUBSTATION,29.1309156,-98.5905884
TEXAS RESEARCH SUBSTATION,29.4205238,-98.7877591
CIMARRON SUBSTATION,35.5109633,-97.7918396
QUINTANA ROAD SUBSTATION,29.3729749,-98.5565184
SOUTH SAN ANTONIO SUBSTATION,29.367688,-98.5398373
MERIDA STREET SUBSTATION,29.4094873,-98.5397776
HORTONTOWN SUBSTATION,29.7133422,-98.0981157
GPI SUBSTATION,29.6770593,-98.1779746
COMAL SUBSTATION,29.7068202,-98.1349886
TXI SUBSTATION,29.8035235,-98.0405954
HENNE SUBSTATION,29.7735088,-98.050972
HIGHWAY 46 SUBSTATION,29.7587636,-98.245232
BALLINGER SUBSTATION,31.741174,-99.9445568
FANNIN SUBSTATION,29.6895839,-95.4084303
STADIUM SUBSTATION,29.6852967,-95.406514
BURNS SUBSTATION,26.2190962,-97.7343315
OAK RIDGE SUBSTATION,30.1699136,-95.4389589
ÁVALOS,28.6135177,-105.9965126
DIVISIÓN DEL NORTE,28.5857265,-106.1641678
CHUVISCAR,28.6398315,-105.9500403
CHIHUAHUA NORTE,28.7297913,-106.1335236
REFORMA,31.5865564,-106.4628961
CERESO,31.4972448,-106.4714966
LEHIGH SUBSTATION,30.0290386,-97.8659726
GEORGETOWN SUBSTATION,30.6324914,-97.6871118
GABRIEL SUBSTATION,30.6672682,-97.6608735
NUEVO ESCOBEDO,25.8475862,-100.3700104
SUBESTACIÓN ESCOBEDO,25.8652654,-100.3671097
HAYS ENERGY STATION,29.7830335,-97.9900918
SOMERSET SUBSTATION,29.2420977,-98.6493785
MOORE SUBSTATION,29.0794353,-99.0484847
PEARSALL SWITCHYARD,28.9274245,-99.0925134
ROBINSON NORTHWEST SUBSTATION,31.4732405,-97.1411724
GROESBECK SUBSTATION,31.4375922,-96.6774039
BUSINESS PARK SUBSTATION,30.7091738,-96.422453
FARRAR SUBSTATION,31.3841504,-96.2819595
RATTLESNAKE ROAD SUBSTATION,31.4734853,-96.9603916
CAMPBELL SUBSTATION,29.8182419,-95.5246715
ADDICKS SUBSTATION,29.8228032,-95.5728974
BRITTMOORE SUBSTATION,29.7943435,-95.5721564
SATSUMA SUBSTATION,29.8813883,-95.5763761
WILLOW SUBSTATION,29.9968733,-95.5665393
SAN FELIPE SUBSTATION,29.7505822,-95.4478925
EUREKA SUBSTATION,29.7948339,-95.4334765
SAUER SUBSTATION,29.7887191,-95.5528466
KLEIN SUBSTATION,30.0239064,-95.5701648
MINERVA SUBSTATION,30.7457911,-96.9544273
WEBBERVILLE SUBSTATION,30.2488051,-97.4879471
AUSTROP SUBSTATION,30.2513041,-97.4872937
SIM GIDEON STATION,30.1461059,-97.2688035
TOMBALL SUBSTATION,30.0901007,-95.6060292
ROTHWOOD SUBSTATION,30.0903807,-95.4895404
KUYKENDAHL SUBSTATION,30.0891469,-95.5270774
CAMERON SUBSTATION,29.9187179,-95.6499714
WESTFIELD SUBSTATION,30.0206375,-95.4220897
PINEHURST SUBSTATION,30.1614128,-95.6729672
LOUETTA SUBSTATION,30.0454378,-95.4804021
FLEWELLEN SUBSTATION,29.6953981,-95.820883
FORT BEND SUBSTATION,29.5632261,-95.8004768
BRAZOS VALLEY SUBSTATION,29.6270465,-95.8124607
ORCHARD SUBSTATION,29.5392589,-95.95376
TREASCHWIG SUBSTATION,30.0438999,-95.3508865
HARDY SUBSTATION,29.8185735,-95.3534862
NORTH SIDE SUBSTATION,29.7841373,-95.3496384
CATERPILLAR SUBSTATION,29.5792794,-97.9971938
SEGUIN WEST SUBSTATION,29.5862457,-97.9875906
AIRLINE SUBSTATION,29.8186773,-95.3893762
TODD SUBSTATION,29.8160181,-95.4830228
WHITE OAK SUBSTATION,29.8151787,-95.4348148
HOCKLEY SUBSTATION,30.0212835,-95.846097
HILLCROFT SUBSTATION,29.7221085,-95.4976958
JEANETTA SUBSTATION,29.7187995,-95.5366904
WESTWOOD SUBSTATION,29.6899472,-95.5366805
MISSOURI CITY SUBSTATION,29.6126531,-95.530058
ROARK SUBSTATION,29.666047,-95.5613297
KNIGHT SUBSTATION,29.6722539,-95.4130889
STAFFORD SUBSTATION,29.6337267,-95.5891895
ALIEF SUBSTATION,29.7004245,-95.5817828
HAYES SUBSTATION,29.746348,-95.5743745
DEIHL SUBSTATION,29.8547026,-95.4760945
FAIRBANKS SUBSTATION,29.899978,-95.5018544
HUMBLE SUBSTATION,30.0000713,-95.2350614
CROSBY SUBSTATION,29.8728314,-95.0197543
HANEY SUBSTATION,29.8210542,-94.9908159
BRAYS SUBSTATION,29.6837536,-95.4478357
JACINTO SUBSTATION,30.370432,-95.063857
FIVE POINTS SUBSTATION,29.4373425,-98.5068294
LAREDO STREET SUBSTATION,29.4153412,-98.5016282
FERN STREET SWITCHYARD,29.4047923,-98.4795029
MAY AVE SUBSTATION,35.4914943,-97.5661741
ENCINO PARK SUBSTATION,29.6156122,-98.4696589
MESCALERO SUB,33.2712794,-105.7077611
NACOGDOCHES ROAD SUBSTATION,29.5315728,-98.4243193
ALL SAINTS SUB,35.1800072,-106.6716431
SANDIA SUBSTATION,35.0514453,-106.5305049
SUBSTATION 41,35.0513544,-106.5342811
KIRTLAND SUBSTATION,35.0317595,-106.5452274
ZENITH SUBSTATION,29.9100662,-95.7771886
BA SUB,35.3486253,-106.4829456
PACHMANN SUBSTATION,35.3106409,-106.6159734
LIBRA SUB,35.3038052,-106.6273891
VOLCAN SUB,35.3374186,-106.5835587
RIO HONDO SUBSTATION,35.2659573,-106.6269186
IRVING SUB,35.1883953,-106.6626877
INTEL SUBSTATION,35.2255259,-106.653552
NORTON SUBSTATION,35.7641213,-106.1088965
BUCKMAN UNIT SUBSTATION,35.7758615,-106.1152556
INDUSTRIAL SUB,35.6630184,-105.9906942
REEVES SUBSTATION,35.1713847,-106.602705
WESTERN SUBSTATION,35.5011317,-97.5304046
PECAN BAYOU SUBSTATION,32.3664564,-99.5265684
PLEASANT VALLEY SUBSTATION,35.2744131,-97.5112465
WESTING HOUSE SUBSTATION,35.27877,-97.4783021
SARA SUBSTATION,35.4030155,-97.7075278
TURNER SUBSTATION,35.3012214,-97.511429
SOUTHGATE SUBSTATION,35.3348515,-97.5171022
WEST NORMAN SUBSTATION,35.2295583,-97.4950863
ESKOTA SWITCHING STATION,32.4921728,-100.2425639
STUBBEMAN SUBSTATION,35.2467172,-97.4549364
CHERRY CREEK SUBSTATION,35.2162338,-97.5111763
BOYD SUBSTATION,35.2119602,-97.4755592
SUNCHASE SUBSTATION,26.0903145,-97.1653064
OKLAHOMA GAS ELECTRIC,35.4718806,-97.5283244
DOWNIE SUBSTATION,29.2269671,-99.6995443
DALLAM COUNTY SUBSTATION,36.0803422,-102.5317331
DALHART SUBSTATION,36.0648539,-102.5288106
CLASSEN SUBSTATION,35.4712481,-97.5282996
LEWISVILLE SUBSTATION,33.0661705,-97.0097294
DAWSON SUBSTATION,36.1697712,-95.8674828
PINE & PEORIA SUBSTATION,36.1761487,-95.9763913
HORSE HOLLOW 1 & 2 SUBSTATION,32.1990508,-100.0235081
HORSE HOLLOW KENDALL TIE,32.190205,-100.0170167
BLUFF CREEK SUBSTATION,32.1965145,-100.0230566
HORSE HOLLOW 2 & 3 SWITCHING STATION,32.1935548,-100.0282036
EUFAULA SUBSTATION,35.3068547,-95.3558671
TALLEY ROAD SUBSTATION,29.5235467,-98.8099031
BERGHEIM SUBSTATION,29.7887361,-98.5263178
FAIR OAKS SUBSTATION,29.7949266,-98.5933588
ANTLER SUBSTATION,29.7768041,-98.4133703
KENDALL SUBSTATION,29.984921,-98.8867022
BOERNE SUBSTATION,29.804201,-98.7257622
COMFORT SUBSTATION,29.9779976,-98.9032017
WELFARE SUBSTATION,29.8868161,-98.7606541
HORSE HOLLOW GENERATION TIE,29.9879896,-98.8876517
CLEAR SPRINGS SUBSTATION,29.6512077,-98.0172553
LOCKHART SUBSTATION,29.8708131,-97.6612579
VENUS SUBSTATION,32.4440116,-97.0727234
BETKA SUBSTATION,30.01775,-95.8612001
PORTER SUBSTATION,30.1862924,-95.3422743
PARKWAY SUBSTATION,30.0906313,-95.1063575
TAMINA SUBSTATION,30.1870441,-95.3466658
NEW CANEY SUBSTATION,30.1349225,-95.2196076
ALDINE SUBSTATION,29.9017322,-95.3703857
BERRY SUBSTATION,29.8394708,-95.3537024
LIBERTY SUBSTATION,29.8070043,-95.2855224
HITCHLAND SUBSTATION,36.4965071,-101.3917089
ECHO SUBSTATION,29.7854088,-95.5206943
LIDDELL SUBSTATION,35.2252108,-97.3973007
BLUFFS SUBSTATION,31.4355093,-100.5072218
OU BROOKE ST. SUBSTATION,35.2069795,-97.4355733
MILLENNIUM SUBSTATION,35.2480553,-97.4154847
SOONER SUBSTATION,36.4474975,-97.0567585
BROWNWOOD SOUTH SUBSTATION,31.6760453,-98.9818963
SOUTH BEAUMONT SUBSTATION,30.0334034,-94.0759068
PASO DEL NORTE,31.7315206,-106.5375199
GOODRICH SUBSTATION,30.620325,-94.9679916
SHEPHERD SUBSTATION,30.5376041,-94.9649205
PRC TRANSFORMER HOUSE #6,30.3895823,-97.7253007
TIKI ISLAND SUBSTATION,29.304148,-94.90105
PARSONS STREET SUBSTATION,29.4121069,-98.4795019
CYPRESS SUBSTATION,30.3035855,-94.2572694
EAGLE CREEK SUBSTATION,29.2248161,-98.253865
WOODRING SUBSTATION,36.3307128,-97.7897491
NORTHEASTERN (345KV),36.4265852,-95.7041923
NORTHEASTERN (138KV),36.4314431,-95.7037118
ROCKY CREEK SUBSTATION,32.5957146,-97.4398785
DOBBIN SUBSTATION,30.3511747,-95.7815511
SINGLETON SUBSTATION,30.6613136,-95.9732903
DESSAU SUBSTATION,30.3734836,-97.643015
GILLELAND CREEK SUBSTATION,30.4101324,-97.5742216
ENID SUBSTATION,36.3702319,-97.8750435
MARSHALL SUBSTATION,36.1602626,-97.7045983
WAUKOMIS SUBSTATION,36.2786771,-97.9072447
IMO SUBSTATION,36.3769318,-97.9519472
HENESSEY,36.1069137,-97.9072358
VANCE SUBSTATION,36.3469117,-97.9001096
RYE SUBSTATION,30.4524676,-94.7656396
HILL COUNTRY SUBSTATION,29.6194511,-98.5718361
TONTITOWN SUBSTATION,36.1853122,-94.2818572
MEMORIAL SUBSTATION,35.5955672,-97.5054444
NOTREES SUBSTATION,31.997625,-102.833497
PANTHER CREEK WIND 3 SUBSTATION,31.9825518,-101.1358764
ARAGONNE WIND SUBSTATION,34.829117,-105.0010866
MOORELAND,36.4364614,-99.2260075
OJO CALIENTE SUB,36.3268071,-106.0305824
LITTLE AXE SUBSTATION,35.1524773,-97.2129286
ELM CREEK SUBSTATION,35.3285106,-97.3700371
PINK SOUTHWEST SUBSTATION,35.2486819,-97.1321708
HORSESHOE LAKE SUBSTATION,35.512782,-97.1841802
ETOWAH SUBSTATION,35.1304025,-97.177615
BROADVIEW SUBSTATION,29.4790491,-98.5862856
36TH & LEWIS SUBSTATION,36.111866,-95.9574067
DIABLO SUBSTATION,31.8048573,-106.587441
NEWMAN SUBSTATION,31.9839419,-106.4348695
LEXINGTON,35.0193238,-97.2473364
OJO SUBSTATION,36.1113985,-106.1588546
CALIENTE SUBSTATION,31.8261084,-106.2505333
GUADALUPE SUBSTATION,35.1007609,-105.0191698
TOLK SUBSTATION,34.1810967,-102.5708925
OASIS SUBSTATION,34.3028542,-103.3380056
AMRAD SUBSTATION,32.5193876,-106.1381686
EDDY HVDC TIE,32.814303,-104.2398521
POTTER COUNTY INTERCHANGE,35.3102787,-101.9229098
STONEGATE SUBSTATION,29.6792488,-98.4548739
PINK SUBSTATION,35.2287294,-97.1598588
BANDERA ROAD SUBSTATION,29.4987428,-98.6098512
INDIAN HILL SUBSTATION,35.2914364,-97.4598132
FREDERICKSBURG ROAD SUBSTATION,29.5029057,-98.5599021
CHULIE SUBSTATION,29.5112259,-98.4771356
DISCOVERY SUBSTATION,35.4049988,-97.4630676
FOSTER SUBSTATION,35.4074976,-97.4641608
OAK CREEK SUBSTATION,35.3812203,-97.4762023
FORT SMITH SUBSTATION,35.2996549,-94.4302234
MASSARD SUBSTATION,35.357815,-94.334806
ALMA SUBSTATION,35.4825845,-94.229767
TWIN BRIDGES SUBSTATION,35.4607634,-94.2896865
SIMMONS SUBSTATION,35.493377,-94.150668
CHAMBERS SPRINGS SUBSTATION,36.1084132,-94.4342439
STATE LINE SUBSTATION,35.3224433,-94.433463
BATTLEFIELD SUBSTATION,35.3157151,-94.3927421
ARKOMA SUBSTATION,35.3641198,-94.4288509
OAK PARK SUBSTATION,35.4288489,-94.387989
PARK VIEW SUBSTATION,35.3791651,-94.3750937
THIRD STREET SUBSTATION,35.3913574,-94.4265676
CARNAL SUBSTATION,35.3268359,-94.3824907
CAVANAUGH SUBSTATION,35.3232072,-94.4192432
BELLE AVE SUBSTATION,35.3813858,-94.4049248
COLONY SUBSTATION,35.3149629,-94.4055797
SOUTH SIDE SUBSTATION,35.3427015,-94.4087234
NORTH DC-TIE,34.0851005,-99.1833565
LAWTON EASTSIDE,34.6037753,-98.3145577
RILEY SUBSTATION,34.0852615,-99.1453349
COMANCHE,34.5436294,-98.3224236
OKLAUNION NORTH SUBSTATION,34.0861611,-99.180768
OKLAUNION SOUTH SUBSTATION,34.0823289,-99.1807701
EAST DC-TIE,33.0583032,-94.8440526
WELSH SUBSTATION,33.0551859,-94.8373889
NORTHWEST TEXARKANA SUBSTATION,33.4883766,-94.1760513
LONGWOOD SUBSTATION,32.5853311,-93.9938383
DIANA SUBSTATION,32.7443654,-94.6983075
SOUTHWEST SHREVEPORT SUBSTATION,32.4046996,-93.8645305
BLANCHARD SUBSTATION,32.6245249,-93.9178342
OAK SUBSTATION,32.5587347,-93.9886353
LEANDER SUBSTATION,30.5857052,-97.841613
VBI SUBSTATION,35.4721031,-94.3383778
VAN BUREN SUBSTATION,35.4733279,-94.3343586
ADABELL SUBSTATION,35.4534936,-94.35916
SANTA FE SUBSTATION,31.7525027,-106.488824
J STREET SUBSTATION,35.3967554,-94.4213357
BARLING SUBSTATION,35.3263538,-94.3242191
WHITESIDE SUBSTATION,35.4223883,-94.3302456
ARCADIA SUBSTATION,35.6899876,-97.3156521
NORTHWEST SUBSTATION,35.6363864,-97.645471
REDBUD SUBSTATION,35.6868905,-97.2267696
SPRING CREEK SUBSTATION,35.7429104,-97.6535598
MITCH SUBSTATION,35.6885632,-97.5134093
SEMINOLE SUBSTATION,34.9661067,-96.7319517
SUNNYSIDE SUBSTATION,34.1855764,-97.2413044
PECAN CREEK SUBSTATION,35.7167326,-95.4680467
TATONGA SUBSTATION,35.931912,-98.753885
WOODWARD DISTRICT SUBSTATION,36.3116086,-99.3688374
VICI SUBSTATION,36.1462097,-99.1855394
JINSKAMO SUBSTATION,35.6133468,-97.2507642
HIGHLAND SUBSTATION,35.2170463,-97.0530496
CLARKSVILLE SUBSTATION,35.8153889,-95.5493988
ONETA SUBSTATION,36.0117408,-95.7027996
KIAMICHI STATION,34.6833224,-95.9321384
KIOWA SWITCH,34.6926556,-95.9222553
GREEN COUNTRY SUBSTATION,35.9840443,-95.935323
RIVERSIDE SUBSTATION,35.9968532,-95.9603149
COGENTRIX SWITCHYARD,35.9890167,-95.9474922
CATOOSA SUBSTATION,36.1715625,-95.7538752
TULSA NORTH #2 SUBSTATION,36.2799532,-95.980541
TULSA NORTH SUBSTATION,36.2824537,-95.9810065
OWASSO 88TH ST NORTH SUBSTATION,36.2820684,-95.8656019
HARTBURG SUBSTATION,30.2660657,-93.7385174
WARWICK SUBSTATION,35.7105387,-97.0167134
ELK CITY SUBSTATION,35.388391,-99.3984923
SAPULPA ROAD SUBSTATION,36.0547673,-96.0703309
WEKIWA SUBSTATION,36.1600131,-96.2238219
MINCO SUBSTATION,35.3006856,-98.0268937
TUCO INTERCHANGE,33.8693215,-101.8423909
ANTELOPE STATION SWITCHYARD,33.865477,-101.8426087
PLANT X SUBSTATION,34.1649971,-102.4098163
DEAF SMITH INTERCHANGE,34.8207776,-102.3608448
VALLIANT SUBSTATION,33.9874957,-95.0510082
VALLEY SWITCHING STATION (345 KV),33.6274825,-96.3703693
KIOWA SWITCHING STATION,33.6324551,-96.3576621
VALLEY SWITCHING STATION (138 KV),33.6289026,-96.3681271
CHOUTEAU SUBSTATION,36.2228747,-95.253208
CHOUTEAU #2 SUBSTATION,36.2206736,-95.2749142
CHOUTEAU #1 SUBSTATION,36.2206724,-95.2771623
CLEVELAND (GRDA) SUBSTATION,36.3618493,-96.4737399
CLEVELAND (AECI) SUBSTATION,36.3603321,-96.4727689
TALEQUAH SUBSTATION,35.8935635,-94.94607
KERR SUBSTATION,36.227948,-95.1818856
SALINA CREEK SUBSTATION,36.268865,-95.1011578
FAYETTEVILLE SOUTH SUBSTATION,36.0492425,-94.1875016
CARLEY ROAD SUBSTATION,36.1379856,-94.1672544
TRAMWAY SUBSTATION,35.1529577,-106.4977732
MCCLAIN SUBSTATION,35.2993235,-97.5899464
GENERAL MOTORS SUBSTATION,35.3980645,-97.3950761
WILD MARY SUBSTATION,35.3815179,-97.4399237
BARNES SUBSTATION,35.4200549,-97.3524862
ZEN SUB,35.6380863,-105.9225613
FISHER ROAD SUBSTATION,33.8865,-98.429437
BOWMAN SUBSTATION,33.8106029,-98.6007704
GRAHAM SUBSTATION,33.1384335,-98.6095495
JACKSBORO SUBSTATION,33.2771937,-98.1068014
TINKER #3 SUBSTATION,35.4248351,-97.4228157
SUNNYLANE SUBSTATION,35.4295324,-97.4407688
HENDERSON SUBSTATION,33.1028102,-97.9527681
PARKER SUBSTATION,32.8062507,-97.6763062
WILLOW CREEK SUBSTATION,33.0562261,-97.9102951
EAGLE MOUNTAIN SUBSTATION (138KV),32.9068797,-97.4784739
EAGLE MOUNTAIN SUBSTATION,32.9082358,-97.477052
AZLE SUBSTATION,32.8578296,-97.5120473
ALLIANCE SUBSTATION,32.9566976,-97.3060041
ROANOKE SUBSTATION,32.9918953,-97.2615896
BRAZOS ELECTRIC SUBSTATION,33.0486304,-97.2065908
HIGHLANDS SUBSTATION,33.0721699,-97.0352463
JONES STREET SUBSTATION,33.0641789,-97.0040362
WEST DENTON SUBSTATION,33.1757667,-97.2191792
ANNA SUBSTATION,33.3179799,-96.6392552
FARMERSVILLE SUBSTATION,33.1907104,-96.3379389
VALLEY SOUTH SUBSTATION,33.6139453,-96.3733198
PARIS SUBSTATION,33.6390776,-95.58098
BRIDGES SUBSTATION,33.1232187,-96.8597684
HEBRON SUBSTATION,33.0482825,-96.9039765
CARROLLTON FRANKFORD ROAD SUBSTATION,32.9986477,-96.9304889
ROMAN JUAREZ SUBSTATION,33.1583491,-96.8414203
WEST PLANO SUBSTATION,33.0126726,-96.7774426
MULBERRY CREEK SUBSTATION,32.5241279,-99.8225133
LONG CREEK SUBSTATION,32.6292159,-99.5413528
HACKBERRY WIND SUBSTATION,32.7684258,-99.422825
COOK FIELD ROAD SUBSTATION,32.7499732,-99.3280527
WESTMOORE SUBSTATION,35.3452862,-97.546963
TONKAWA SUBSTATION,32.5309432,-100.6840952
RADIUM SUBSTATION,32.8268178,-99.9935163
CHAMPION WIND FARM SUBSTATION,32.3987353,-100.648023
PYRON WIND FARM SUBSTATION,32.5796911,-100.6925107
INADALE WIND FARM SUBSTATION,32.4977825,-100.5967304
ROSCOE WIND FARM SUBSTATION,32.4699675,-100.6660414
SWEETWATER EAST SUBSTATION,32.4638931,-100.2169054
MORGAN CREEK SUBSTATION,32.3342555,-100.9159213
SCURRY COUNTY SOUTH SUBSTATION,32.5982897,-100.8616068
SAN ANGELO RED CREEK SUBSTATION,31.5288625,-100.3211088
CALLAHAN DIVIDE WIND SUBSTATION,32.3005452,-99.9740716
COMANCHE SWITCHING STATION,31.8690238,-98.5532256
WOLF HOLLOW SUBSTATION,32.3354372,-97.732226
MONTICELLO SUBSTATION,33.0915981,-95.0420417
EVERMAN SUBSTATION,32.6402054,-97.251517
PENN SUBSTATION,35.385135,-97.5489565
SWEETWATER WIND 1 SUBSTATION,32.4379359,-100.3511365
LORAINE SUBSTATION,32.3785053,-100.7271688
BITTER CREEK SUBSTATION,32.4378234,-100.3521874
SWEETWATER WIND 3 SUBSTATION,32.3379484,-100.4199355
SWEETWATER WIND 4 SUBSTATION,32.2858733,-100.49521
LORAINE WIND FARM SUBSTATION,32.4451045,-100.7459571
SWEETWATER WIND 5 SUBSTATION,32.2420631,-100.4876464
HARMONY HILLS SUBSTATION,29.5540094,-98.5060042
ROYSE SUBSTATION,32.9691051,-96.3506924
ALLEN SWITCHING STATION,33.0601449,-96.7002131
SULPHUR SPRINGS SWITCHING STATION,33.0857835,-95.6164077
AUSTIN ROAD SUBSTATION,29.503893,-98.4080401
FRATT SUBSTATION,29.5485314,-98.3431154
TWIN BUTTES SUBSTATION,31.5137991,-100.598022
DIVIDE SUBSTATION,31.8695145,-100.7771803
GASCONADES CREEK SUBSTATION,31.9393262,-100.8301843
GOAT WIND SUBSTATION,31.9407824,-100.8270485
PANTHER CREEK WIND 1 SUBSTATION,32.1004401,-101.4508578
QUAIL SUBSTATION,31.8400001,-102.3162744
ELBOW CREEK WIND FARM,32.1240343,-101.3960896
LONGSHORE SUBSTATION,32.1003032,-101.4523363
MOSS SUBSTATION,31.8132702,-102.4955444
ECTOR HILLMONT SUBSTATION,31.9235447,-102.4332997
ADOBE MEADOWS SUBSTATION,32.0625481,-102.0731607
GARDENDALE SUBSTATION,32.0361479,-102.2516676
BEN DAVIS SUBSTATION,32.9577703,-96.6120936
MCCREE SUBSTATION,32.8724676,-96.6636433
MARTIN LAKE SUBSTATION,32.2569859,-94.5746502
SHAMBURGER SUBSTATION,32.4198635,-95.2535577
SEAGOVILLE SWITCHING STATION,32.6734295,-96.5462804
SEAGOVILLE SUBSTATION,32.6738598,-96.5489329
TYLER SUBSTATION,32.2798012,-95.3464743
NORTH CLEBURNE SUBSTATION,32.3886774,-97.3894337
TENASKA GATEWAY STATION,32.0178186,-94.6212325
CROCKETT SUBSTATION,31.3642895,-95.3954506
TXU CEDAR HILL SUBSTATION,32.6149658,-96.9245143
IRVING BELT LINE SUBSTATION,32.7848002,-96.9938061
VALLEY ROAD SUBSTATION,29.2386919,-98.4296006
LUFKIN SWITCHING STATION,31.3701571,-94.7685841
TRADINGHOUSE SUBSTATION,31.5747307,-96.9641921
BIG BROWN STATION,31.8195171,-96.057448
RICHLAND CHAMBERS SUBSTATION,31.8902584,-96.1134069
FOREST GROVE SUBSTATION,32.2347109,-95.9493665
TENASKA FRONTIER STATION,30.5938538,-95.9191085
PIRKEY SUBSTATION,32.4635163,-94.4785934
TEMPLE PECAN CREEK SUBSTATION,31.1296392,-97.2610646
TEMPLE SWITCHING STATION,31.0790242,-97.3078048
BOSQUE SWITCHING STATION,31.857833,-97.3593024
WHITNEY SWITCHING STATION,31.8606188,-97.36537
ROGERS HILL SUBSTATION,31.7461102,-97.1773046
LAKE WHITNEY SUBSTATION,31.8596211,-97.3672401
OAK GROVE SUBSTATION,31.1835553,-96.4843714
BEAR GRASS SUBSTATION,31.3769847,-96.2062868
NUCOR SUBSTATION,31.3524386,-96.1633532
WEST MOORE SUBSTATION,35.3265229,-97.548479
SANDOW STATION,30.5774061,-97.0768939
ROGERS SUBSTATION,30.9192465,-97.2012877
CEDAR HILL SUBSTATION,30.3139798,-97.3794245
TNP ONE SUBSTATION,31.0912725,-96.6935559
LOST PINES STATION,30.1477503,-97.2727885
GARFIELD SUBSTATION,30.1426409,-97.5453484
BLUEBONNET SUBSTATION,30.1219676,-97.4343224
BASTROP WEST SUBSTATION,30.1017275,-97.3351778
TAHITIAN VILLAGE SUBSTATION,30.0912374,-97.3059088
BASTROP ENERGY SWITCHYARD,30.1454735,-97.5485197
WINCHESTER SUBSTATION,30.0444296,-96.9865289
BUSHLAND INTERCHANGE,35.147888,-102.0985369
GREEN MOUNTAIN SUBSTATION,29.6204259,-98.3328713
HOLLYWOOD PARK SUBSTATION,29.594882,-98.4715865
LYTTON SPRINGS SUBSTATION,30.0053687,-97.6743116
MENDOZA SUBSTATION,30.0035263,-97.6676064
MCCARTY LANE SUBSTATION,29.8264826,-97.9647471
KILLEEN SUBSTATION,31.0391753,-97.7229446
SALADO SWITCHING STATION,30.972126,-97.5111194
SALADO SUBSTATION,30.9712382,-97.5130359
BELL COUNTY SWITCHING STATION,31.0100367,-97.393538
HUTTO SWITCHING STATION,30.551167,-97.561343
KENDALL CTEC SUBSTATION,29.9862665,-98.8847756
RIVER OAKS SUBSTATION,29.7777915,-98.1058495
HORSE HOLLOW 2 SUBSTATION,32.2695579,-100.1769787
HORSE HOLLOW 3 SUBSTATION,32.2654289,-100.2844162
RIO NOGALES SWITCHYARD,29.5931056,-97.9749309
SUNSHINE NORTH SUBSTATION,35.2755064,-97.6582865
BOERNE CICO SUBSTATION,29.7711649,-98.7760782
SARA ROAD SUBSTATION,35.3765472,-97.7106975
MARION SUBSTATION,29.6208306,-98.1487571
GUADALUPE GENERATING STATION,29.6231695,-98.1410551
HAMILTON SUBSTATION,35.1595369,-106.5287005
LOLITA SUBSTATION,28.8531665,-96.5574016
NEWGULF SUBSTATION,29.2301883,-95.9194481
KARSTEN SUBSTATION,29.4907076,-95.4300592
CIBOLO SUBSTATION,29.5782233,-98.2073018
DAYTON SUBSTATION,35.4428313,-97.6491855
WOODLAWN SUBSTATION,35.5167346,-97.6548352
COUNCIL SUBSTATION,35.4688041,-97.6537814
MERIDIAN SUBSTATION,35.4792818,-97.5984854
WEST OAKS SUBSTATION,35.4793283,-97.63273
MORGAN ROAD SUBSTATION,35.4713933,-97.6961956
MCARTHUR SUBSTATION,35.4274748,-97.6194639
WILL ROGERS SUBSTATION,35.3985179,-97.6267784
CZECH MALL SUBSTATION,35.4720322,-97.7418918
XEROX SUBSTATION,35.4715336,-97.7204703
HOBBY LOBBY SUBSTATION,35.4346952,-97.6302504
DOW SUBSTATION,28.9861831,-95.3581615
CAVERN SUBSTATION,29.0324081,-95.3390571
BIPORT SUBSTATION,28.986081,-95.3385261
SW 64TH SUBSTATION,35.4028037,-97.5747633
BLESSING SUBSTATION,28.8865088,-96.1907981
MAGNOLIA SUBSTATION,29.4883046,-95.1339785
NORTH ALVIN SUBSTATION,29.4590169,-95.2575484
SAN MIGUEL SWITCHYARD,28.7040056,-98.4743069
O. W. SOMMERS SWITCHYARD,29.3102638,-98.3236095
WALZEM ROAD SUBSTATION,29.5096409,-98.3692673
BECK ROAD SUBSTATION,29.381971,-98.3184823
IRVING GRANT STREET SUBSTATION,32.8171824,-96.9453474
PAWNEE SUBSTATION,28.7398637,-98.0239273
CYPRESS CREEK SUBSTATION,29.9591933,-98.913327
COLETO CREEK SUBSTATION,28.7168943,-97.2128424
LON HILL SUBSTATION,27.8438525,-97.6155988
FOUR CORNERS SUBSTATION,28.8716126,-97.1644699
CALALLEN SUBSTATION,27.8492286,-97.6462318
SE 15TH SUBSTATION,35.4489955,-97.3497851
MIDWAY SUBSTATION,35.479278,-97.2460573
GOHLKE SUBSTATION,28.7464532,-96.7331978
WHITEPOINT SUBSTATION,27.9357678,-97.3608916
RENO SUBSTATION,35.4624292,-97.4405622
DUNJEE SUBSTATION,35.5068323,-97.3219115
MCKENZIE SUBSTATION,27.8057282,-97.5714881
NELSON SHARPE SUBSTATION,27.560471,-97.6688342
OXY PETRO SUBSTATION,27.8132859,-97.5872988
NE 30TH SUBSTATION,35.5008852,-97.4468138
LOBO SUBSTATION,27.5789332,-99.2756424
AJO SWITCHING STATION,27.0919628,-97.7743888
ZORILLO SUBSTATION,27.0034459,-97.5834731
GULF WIND SUBSTATION,27.0024803,-97.5842034
PENASCAL SUBSTATION,27.1032675,-97.5287565
F. YTURRIA SUBSTATION,26.6409829,-97.7656009
LA PALMA 138 KV SUBSTATION,26.1435974,-97.6425883
NORTH EDINBURG SUBSTATION,26.344107,-98.1892155
LA PALMA 345 KV SUBSTATION,26.1465822,-97.6427407
MOORE COUNTY SUBSTATION,35.9667759,-101.8630795
VALERO MCKEE SUBSTATION,35.9610614,-101.8795402
DUMAS 19TH STREET SUBSTATION,35.8419225,-101.9605767
HARRINGTON SWITCHYARD,35.2964471,-101.7472585
CHERRY STREET SUBSTATION,35.2947779,-101.8394371
NICHOLS SWITCHYARD,35.2834978,-101.7452844
SWISHER,34.3990115,-101.7953576
ARROWHEAD SUBSTATION,35.105527,-101.8134737
RANDALL COUNTY INTERCHANGE,35.1484801,-101.7757785
LIGHTING CREEK SUBSTATION,35.4449122,-97.5117241
GLENDALE SUBSTATION,35.4491045,-97.3854974
SW 5TH SUBSTATION,35.4597237,-97.5669034
TROSPER SUBSTATION,35.4410958,-97.4603166
NEW DOMINION SUBSTATION,35.4286355,-97.4629952
JENSEN ROAD SUBSTATION,35.4928605,-97.9631945
EL RENO SOUTHWEST SUBSTATION,35.4859992,-97.9909732
STONEWALL SUBSTATION,35.5045793,-97.4915258
GLENHAVEN SUBSTATION,31.8903668,-102.3084336
SEVEN RIVERS SUBSTATION,32.5807504,-104.4135869
PUCKET SUBSTATION,35.1775508,-101.9359896
SW 22ND SUBSTATION,35.4429006,-97.5486552
KENTUCKY SUBSTATION,35.4117271,-97.5439478
COULTER SUBSTATION,35.1610376,-101.9194246
SONCY SUBSTATION,35.1877947,-101.9211249
SUNSET SUBSTATION,35.2066124,-101.940306
ODESSA SUBSTATION,31.8483726,-102.3540793
ECTOR HARPER SUBSTATION,31.798425,-102.5281543
MIDLAND WEST SUBSTATION,31.9964332,-102.1247842
LOMAS SUB,35.0903704,-106.6472211
HUTCHINSON COUNTY INTERCHANGE,35.6316654,-101.4399063
WILDORADO WIND SUBSTATION,35.2820157,-102.3163302
CASINO SUB,33.2989075,-105.6588706
WTP,35.1409993,-106.6134841
COLLIN SUBSTATION,36.3650542,-95.8286308
SKIATOOK CITY SUBSTATION,36.3610447,-96.0129963
PLAINS INTERCONNECTION,33.1679672,-102.8021976
LEA COUNTY PLAINS SUBSTATION,33.2263604,-102.8009429
SAMSON SUBSTATION,33.3658796,-104.4610937
SAN JUAN TAP,33.9907203,-103.8583864
SAN JUAN SUBSTATION,33.9612565,-103.8295703
CUNNINGHAM SUBSTATION,32.7132468,-103.3530284
CARLSBAD SUB,32.445269,-104.200344
WOLFFORTH INTERCHANGE,33.4915119,-102.0556732
KIOWA 2 SUB,32.5059026,-103.9655326
HOBBS SUBSTATION,32.7318048,-103.3116927
CARLISLE INTERCHANGE,33.5911348,-101.9669157
ALLEN SUBSTATION,33.5272691,-101.8794663
OLIVER SUBSTATION,33.4983952,-101.8888029
FRANKFORD SUBSTATION,33.4983831,-101.9402255
MCDONALD SUBSTATION,33.5857557,-101.9579507
JONES STATION,33.5225592,-101.7389603
LUBBOCK SOUTH INTERCHANGE,33.5116755,-101.8262887
LUBBOCK EAST INTERCHANGE,33.5712191,-101.7914901
GRASSLAND INTERCHANGE,33.1799745,-101.6850188
HOLLY SUBSTATION,33.5208378,-101.7924163
GRAPEVINE INTERCHANGE,35.4019438,-100.8909778
WHEELER SUBSTATION,35.372848,-100.243781
AMARILLO SOUTH INTERCHANGE,35.0996971,-101.8639121
EAST PLANT SUBSTATION,35.2144763,-101.804028
WHITAKER SUBSTATION,35.2504321,-101.7592266
LITTLE RIVER SUBSTATION,30.9859368,-97.3666199
JOHNSON SUBSTATION,35.4077656,-94.3708091
NAMELESS SUBSTATION,30.5281307,-97.9283779
BRACKENRIDGE SUBSTATION,30.272714,-97.7329235
DOLET HILLS SUBSTATION,32.0350518,-93.5692375
TAOS SUBSTATION,36.3948933,-105.633559
HOBBS NORTH SUBSTATION,32.7259787,-103.1487343
PEDERNALES SUBSTATION,30.2500391,-97.7210784
COAL SUB,35.078061,-106.6300915
ESCARPMENT SUBSTATION,30.1799834,-97.8946149
HAMILTON WOLFE ROAD SUBSTATION,29.5152762,-98.5882158
SHERIFF'S POSSE SUBSTATION,29.6646837,-98.1625883
VERNON MAIN STREET SUBSTATION,34.1634783,-99.2853884
ADAMSVILLE SUBSTATION,31.2297741,-98.1593374
COTTONWOOD CREEK SUBSTATION,35.8553933,-97.4352976
SEWARD JUNCTION SUBSTATION,30.6345196,-97.8509279
CARLSBAD SUBSTATION,31.5675402,-100.5735286
SAN ANGELO COLLEGE HILLS SUBSTATION,31.4328352,-100.4953109
SAN ANGELO SOUTHLAND HILLS SUBSTATION,31.4032449,-100.4918288
SAN ANGELO POWER STATION,31.3951436,-100.4929125
BEN FICKLIN SUBSTATION,31.4023602,-100.4383111
SAN ANGELO SOUTH SUBSTATION,31.4232949,-100.4572749
SAN ANGELO HIGHLAND STREET SUBSTATION,31.4510705,-100.4259624
SAN ANGELO CONCHO SUBSTATION,31.4500741,-100.4270938
YELLOWJACKET SUBSTATION,30.931646,-99.7847923
MASON SUBSTATION,30.7381167,-99.2344489
FORT MASON SUBSTATION,30.7377341,-99.2317666
HEXT SUBSTATION,30.872309,-99.5382182
MASON SWITCHING STATION,30.8205699,-99.3800323
GILLESPIE SUBSTATION,30.3054343,-98.9040696
HORSESHOE BAY SUBSTATION,30.5328,-98.3925162
NIMITZ SUBSTATION,30.3068044,-98.8658928
FERGUSON SUBSTATION,30.5555486,-98.371282
WIRTZ SUBSTATION,30.5596814,-98.3374716
SANDY CREEK SUBSTATION,30.5691536,-98.4775241
MONCLOVA,26.8730946,-101.4253869
SUBESTACIÓN HÉRCULES POTENCIA,28.0480158,-103.831777
IRON SUB,35.0801262,-106.654005
SAN PEDRO SUB,35.1027061,-106.577116
HONEY SUBSTATION,30.3984693,-94.4459466
NORTH PADRE ISLAND SUBSTATION,27.6000678,-97.2214825
NAVAL BASE SUBSTATION,27.6790317,-97.2721486
MUSTANG ISLAND SUBSTATION,27.72533,-97.1421692
DEXTER SUBSTATION,33.1984742,-104.3745319
DUPONT SWITCHING STATION,27.9002356,-97.2468201
TAFT SUBSTATION,27.969762,-97.3985783
RINCON SUBSTATION,27.9868046,-97.3297132
HOBBS SOUTH SUBSTATION,32.6823952,-103.1430758
ENGLE SUBSTATION,29.674534,-97.0131056
FLATONIA SUBSTATION,29.6780571,-97.1058498
ROSENBERG SUBSTATION,29.5600156,-95.8087561
ROBERTS SUBSTATION,32.2997273,-99.7594079
NATIONAL ENRICHMENT FACILITY SUBSTATION,32.431493,-103.0814827
EUNICE SUBSTATION,32.4429583,-103.1934705
LA VERNIA SUBSTATION,29.3239357,-98.0543154
CAPOTE SUBSTATION,29.5683694,-97.8782545
SEGUIN SUBSTATION,29.5943554,-97.9564296
MCQUEENEY SUBSTATION,29.5885477,-98.0495854
YORK CREEK SUBSTATION,29.7375025,-97.950055
TERRELL HILLS SUBSTATION,29.4866463,-98.4467787
TEAGUE SUBSTATION,32.3231215,-103.1757861
JEFFERSON SWITCHING STATION,32.7730103,-94.3920933
OZARK SUBSTATION,35.4693295,-93.817543
PERIMETER SUBSTATION,34.3660793,-103.3176239
HELBERG SUBSTATION,35.496535,-93.8466561
PUDDIN RIDGE SUBSTATION,35.5061369,-93.8673434
BRANCH SUBSTATION,35.3069257,-93.9111695
SHORT MOUNTAIN SUBSTATION,35.2886183,-93.7366059
RAZORBACK SUBSTATION,35.3353183,-93.561317
IGO SUBSTATION,35.430272,-93.5749687
SUBIACO SUBSTATION,35.3084192,-93.6467617
CO-OP SUBSTATION,33.5671969,-101.8281669
MURPHY SUBSTATION,33.533881,-101.9653455
ARNO SUB,35.0873499,-106.6423386
LITTLE SPADRA CREEK SUBSTATION,35.4776565,-93.510941
WHELESS LANE SUBSTATION,30.3130498,-97.6850192
RODD FIELD SUBSTATION,27.659191,-97.3825023
WOOLDRIDGE SUBSTATION,27.6817601,-97.352423
CABANISS SUBSTATION,27.7204189,-97.4377315
RANDOLPH SUB,35.0532858,-106.6247101
MAGNOLIA ANDERSON SUBSTATION,30.436085,-96.0020349
BENTWATER SUBSTATION,30.4265001,-95.6467534
GOSLING SUBSTATION,30.1836135,-95.4912464
ROMAN NOSE,35.8419668,-98.3299439
KEITH SUBSTATION,30.6491145,-96.1014988
SEAHOLM SUBSTATION,30.2668613,-97.7513792
MARSHALL FORD UPPER SWITCHYARD,30.3892021,-97.9090549
ANGUS VALLEY SUBSTATION,30.4004696,-97.7776692
RIVERPLACE SUBSTATION,30.3986885,-97.842263
NORTH BELT SUBSTATION,29.9406688,-95.3697248
HIDDEN VALLEY SUBSTATION,30.3840822,-97.9002435
COMMONS FORD SUBSTATION,30.3152578,-97.8547583
PALEFACE SUBSTATION,30.4267635,-98.1088773
LAKEWAY SUBSTATION,30.3586728,-97.9787637
BARTON SUBSTATION,30.2661168,-97.8195002
SALEM WALK SUBSTATION,30.2158094,-97.7900294
SAN MATEO SUB,35.191263,-106.5860174
PATTON LANE SUBSTATION,30.2382882,-97.8704915
CEDAR VALLEY SUBSTATION,30.2270027,-97.952461
KEYSTONE DAM SUBSTATION,36.1511204,-96.2495361
SILVER CITY,36.0763163,-96.4966707
SILVER CITY 138,36.0765345,-96.4954925
BERGSTROM SUBSTATION,30.2190626,-97.6725994
GULLEY ROAD SUBSTATION,36.1100821,-94.0907853
FARMINGTON DIST. SUBSTATION,36.0295148,-94.2814272
FARMINGTON SUBSTATION,36.0517688,-94.2791407
ABILENE POWER PLANT SUBSTATION,32.4499455,-99.721328
YUKON SUBSTATION,35.5148379,-97.7421101
WYOLA SUBSTATION,35.8604185,-94.0581816
WESLEY POST OFFICE,36.0280745,-93.9237185
EAST ROGERS SUBSTATION,36.3481106,-94.0900851
SONTERRA SUBSTATION,30.8022868,-97.6076207
JARRELL SUBSTATION,30.7964603,-97.5618473
JARRELL EAST SUBSTATION,30.7962115,-97.6106267
WALLISVILLE SUBSTATION,29.7874628,-95.2912554
DSM SUBSTATION,29.0103362,-95.3697071
VELASCO SUBSTATION,28.9802272,-95.3626545
APRIL SUBSTATION,30.3690799,-95.6146985
WALDEN SUBSTATION,30.3955416,-95.6204699
RUDY SUBSTATION,35.5259314,-94.2519135
HIGHWAY 59 SUBSTATION,35.4714657,-94.3595146
WOLF LANE SUBSTATION,30.1394607,-97.5614008
PILOT KNOB SUBSTATION,30.1624913,-97.6816345
COLTON SUBSTATION,30.1390534,-97.6789233
WEST SUBSTATION,31.7948522,-97.0965523
HOBART JUNCTION,35.0319262,-99.0594561
SOUTH BRADY SUBSTATION,31.11808,-99.3294438
DUTTON SUBSTATION,31.1456513,-99.3230488
WIPP SUBSTATION,32.3726442,-103.790703
RYE HILL SUBSTATION,35.2828498,-94.4295252
HACKETT SUBSTATION,35.2095325,-94.3724537
BONANZA SUBSTATION,35.2382245,-94.3942225
USAA #2 SUBSTATION,29.5304969,-98.5713421
USAA #1 SUBSTATION,29.5332783,-98.5762882
BUCKEYE SUBSTATION,29.4936826,-98.5245916
SOUTH ADA SUBSTATION,34.7518986,-96.6517333
ADA INDUSTRIAL SUBSTATION,34.7879844,-96.6760869
AHLOSO SUBSTATION,34.7193805,-96.6191245
AUSTIN DAM SUBSTATION,30.2932723,-97.7843888
BEE CREEK SUBSTATION,30.2938593,-97.7895171
OIL CENTER SUBSTATION,34.8685387,-96.8344187
VANOSS SUBSTATION,34.7817793,-96.9059438
KINGSBERY SUBSTATION,30.2652069,-97.6871771
CARSON CREEK SUBSTATION,30.2031872,-97.6871108
LATTA SUBSTATION,34.7377903,-96.7392618
BYING SUBSTATION,34.868121,-96.6669646
SEMINOLE PUMP SUBSTATION,34.9358492,-96.6887533
FRANCIS SUBSTATION,34.865381,-96.6130158
MONTE VISTA SUBSTATION,34.7931635,-96.6357577
STRATFORD SUBSTATION,36.3284695,-102.0706922
EL RENO SUBSTATION,35.5322923,-97.9454672
GLENWOOD SUBSTATION,36.4122058,-97.9432074
VALLEY VIEW SUBSTATION,34.7877207,-96.6509999
DEWALT SUBSTATION,29.6045156,-95.5636964
BERTRAM SUBSTATION,30.7548787,-98.0537672
FLORESVILLE SUBSTATION,29.1411803,-98.1542362
LAKE PAULINE SUBSTATION,34.2523255,-99.684751
CAMP GARY SUBSTATION,29.8812361,-97.8664068
REEDVILLE SUBSTATION,29.8753914,-97.8513552
BEBACK SUBSTATION,29.7971016,-97.9556043
COYOTE SUBSTATION,31.8134055,-106.178402
DUNLAVY SUBSTATION,29.7526414,-95.4018582
STILLWATER SUBSTATION,35.8194393,-94.6478487
BROKEN ARROW NORTH SUBSTATION,36.0680586,-95.7832426
BROKEN ARROW 71ST SUBSTATION,36.0614062,-95.7109
EAST 41ST SUBSTATION,36.10499,-95.7891154
VEGA SUBSTATION,30.2422534,-97.8682554
FAIR OAKS RANCH SUBSTATION,29.7327954,-98.6123836
GEORGETOWN EAST SUBSTATION,30.6237221,-97.6449126
SPRINGER,36.3976927,-104.5966443
BUFFALO GAP 2 SUBSTATION,32.3282351,-100.207593
SOUTH TRENT WIND FARM SUBSTATION,32.4330637,-100.193456
BUFFALO GAP 1 & 3 SUBSTATION,32.2993921,-100.1152427
SIGNAL MOUNTAIN WIND SUBSTATION,32.2072453,-101.3880204
ANGLETON SUBSTATION,29.2267711,-95.4288395
MAGNESIUM PLANT SUBSTATION,30.3733286,-97.7226041
BROKWN ARROW 81ST SUBSTATION,36.0470263,-95.8068846
KENOSHA SUBSTATION,36.1551713,-95.9815051
SOUTHSIDE SUBSTATION,27.7318662,-97.3834711
WEIL TRACT SUBSTATION,27.7967665,-97.4854688
BAMMEL SUBSTATION,29.9826601,-95.5025969
AMD SUBSTATION,29.4494757,-98.6400584
TEXAS CRYPTOLOGIC CENTER SUBSTATION,29.4479975,-98.638713
EDITH CLARKE SUBSTATION,33.9442723,-99.7740592
FIXICO SUBSTATION,35.24579,-96.6723979
BATESVILLE SUBSTATION,28.8628827,-99.608041
EUREKA SPRINGS SUBSTATION,36.4107044,-93.7434074
BERRYVILLE SUBSTATION,36.3774723,-93.5718341
OSAGE CREEK SUBSTATION,36.3912405,-93.6374781
LUFKIN PERSHING STREET SUBSTATION,31.3274922,-94.7355603
CENTRAL HEIGHTS SUBSTATION,31.7209874,-94.6377111
HICKORY SUBSTATION,33.2151632,-97.1618208
STECK SUBSTATION,30.3672645,-97.7415848
BLODGETT SUBSTATION,29.720959,-95.364524
SAMALAYUCA SUR,31.3100113,-106.4933603
HOSPITAL,36.1142169,-97.0775615
O'CONNER SUBSTATION,28.5196165,-97.0432402
WALNUT CREEK SUBSTATION,30.2740554,-97.6531032
CIBOLO CREEK SUBSTATION,29.6648613,-98.3852304
BASTROP SUBSTATION,30.1302704,-97.3210771
TA-06 WTA SUBSTATION,35.8674595,-106.3366052
TA-05 ETA SUBSTATION,35.8585608,-106.2804141
HELBIG SUBSTATION,30.1561749,-94.157344
GIDDINGS SUBSTATION,30.1841033,-96.9510858
ARTESIA INTERCHANGE,32.853734,-104.4048527
DECKER SWITCHYARD,30.3049807,-97.6141505
SOUTHWEST RESEARCH INSTITUTE SUBSTATION,29.4370499,-98.6126939
LAWSON ROAD SUBSTATION,32.7077359,-96.5630589
MESQUITE STATION,32.7600963,-96.5755071
TA-53 SUBSTATION,35.8699171,-106.268002
KENNETH FORD SUBSTATION,33.9493575,-93.9380335
NASHVILLE SUBSTATION,33.9587882,-93.8553816
OKAY SUBSTATION,33.7719845,-93.9269887
SANTA ANNA SUBSTATION,31.7396669,-99.3048357
FIREWHEEL SUBSTATION,32.9812904,-96.6403174
APOLLO SUBSTATION,32.9538136,-96.6774762
EAST RICHARDSON SWITCHING STATION,32.9567973,-96.7007919
RICHARDSON SPRING CREEK SUBSTATION,32.9831709,-96.6962712
BRAND SUBSTATION,32.952256,-96.637703
FAIRDALE SUBSTATION,32.9138613,-96.6615972
LYNN COUNTY INTERCHANGE,33.1965802,-101.7894946
WOODROW INTERCHANGE,33.4623534,-101.7891399
SULPHUR SPRINGS SUBSTATION,33.1319054,-95.6134953
LULING CITY SUBSTATION,29.6974781,-97.6543808
HARWOOD SUBSTATION,29.6610749,-97.5045641
MOULTON SUBSTATION,29.5742998,-97.1402268
YOAKUM GAETNER ROAD SUBSTATION,29.2797532,-97.1565725
HALLETTSVILLE SUBSTATION,29.4287838,-96.9872783
PHAROAH SUBSTATION,27.704793,-97.3544468
AGRA SUBSTATION,35.8841476,-96.8763336
READING SUBSTATION,29.5637187,-95.7624387
MENGER CREEK SUBSTATION,29.7626519,-98.7203037
LUCAS SUBSTATION,32.4005942,-93.7079534
LAWRENCE PARK SUBSTATION,35.1859906,-101.8692924
SIENNA SUBSTATION,29.5381159,-95.5613142
SOUTH GEORGIA INTERCHANGE,35.1633533,-101.8657369
LOCUST SUBSTATION,33.2549841,-97.1331342
STRATTON SUBSTATION,27.6218156,-97.8792436
SAN DIEGO SUBSTATION,27.7437701,-98.251181
CENTEX SUBSTATION,30.0540331,-97.8589175
MATHIS SUBSTATION,28.1121733,-97.8239071
SINTON SUBSTATION,28.0308611,-97.5125951
HEIGHTS SUBSTATION,29.7823623,-95.3985146
ROCKSPRINGS SUBSTATION,30.0228738,-100.1990886
EAST MUNDAY SUBSTATION,33.4533841,-99.6030772
MUNDAY SUBSTATION,33.4502702,-99.6207603
DUNVALE SUBSTATION,29.7330868,-95.5189723
HARPER ROAD SUBSTATION,30.0733996,-99.1507537
FRANKLIN SUBSTATION,29.7660867,-95.3677757
CANYON ROCK SUBSTATION,32.3865373,-99.7472714
SUBESTACIÓN MESTEÑAS,28.430432,-104.4945679
ANTHONY SUBSTATION,32.0241034,-106.601955
MUELLER SUBSTATION,30.2899893,-97.6895779
LAMESA SUBSTATION,32.7194213,-101.9378607
CORNELL SUB,35.0793186,-106.6199715
HUNT LANE SUBSTATION,29.4149889,-98.6670845
PEARSALL ROAD SUBSTATION,29.3569346,-98.6014385
ALVIN SUBSTATION,29.433731,-95.2539975
EL DORADO SUBSTATION,29.5619084,-95.1416275
HOLMES SUBSTATION,29.6794528,-95.3721173
PEARLAND SUBSTATION,29.5601273,-95.3226609
CLODINE SUBSTATION,29.674791,-95.6207179
WESTHEIMER SUBSTATION,29.7366074,-95.6173044
CHOCOLATE BAYOU SUBSTATION,29.6278779,-95.3526902
ISLETA SUB,34.9379662,-106.6589681
NORTH CAMPUS SUB,35.0922001,-106.6237109
SHARPSTOWN SUBSTATION,29.7013904,-95.4872656
WOOLWORTH ROAD SUBSTATION,32.3997348,-93.9025745
RIVERVIEW SUBSTATION,35.7136564,-101.411187
ED BLUESTEIN SUBSTATION,30.2705235,-97.6621007
MIDTOWN SUBSTATION,29.7414929,-95.3714649
KILLEEN PARK STREET SUBSTATION,31.12569,-97.7294553
CASTROVILLE SUBSTATION,29.3587705,-98.8159074
LYTLE SUBSTATION,29.2506522,-98.8041967
LEON CREEK SWITCHYARD,29.3502913,-98.5751762
MEDINA BASE SUBSTATION,29.380694,-98.6347169
OCI ALAMO 1,29.2714325,-98.4556671
PANTHER SPRINGS SUBSTATION,29.6655355,-98.5176405
RITTENHOUSE SUBSTATION,29.8636388,-95.3794152
CARDINAL LANE SUBSTATION,30.2337676,-97.7688088
BRAUNIG SWITCHYARD,29.2580309,-98.3826843
ARTHUR VON ROSENBERG SWITCHYARD,29.2582444,-98.384209
TRI-COUNTY SUBSTATION,29.6100315,-98.2708356
POTEET SUBSTATION,29.0382492,-98.6099542
ROSSVILLE SUBSTATION,29.1643296,-98.6817369
HARLANDALE SUBSTATION,29.363341,-98.4958429
LOS ANGELES HEIGHTS SUBSTATION,29.4668347,-98.5264534
DRESDEN DRIVE SUBSTATION,29.4986732,-98.5082673
HOT WELLS SUBSTATION,29.3701712,-98.4546129
DUVAL #3 SUBSTATION,32.3545297,-103.8851107
UNITED SALT SUBSTATION,32.4190539,-103.9347342
IMC #3 SUBSTATION,32.3495683,-103.9367803
MISSISSIPPI POTASH #2 SUBSTATION,32.4835346,-103.9395909
MISSISSIPPI POTASH #1 SUBSTATION,32.487894,-103.941327
NM POTASH #2 SUBSTATION,32.4731693,-103.7717334
36TH STREET SUBSTATION,29.3980748,-98.5689914
FORT SAM SUBSTATION,29.4553796,-98.4379455
HONDO SUBSTATION,29.3155529,-99.1039726
HONDO CREEK SUBSTATION,29.2723925,-99.0843834
DEVINE SUBSTATION,29.1339644,-98.8974241
PEARSON SUBSTATION,29.2629727,-98.9242713
CAPITOL CEMENT SUBSTATION,29.5479943,-98.4196778
MAUERMANN ROAD SUBSTATION,29.2845343,-98.5074973
PALO ALTO SUBSTATION,29.3182068,-98.5497108
TRUMBO SUBSTATION,29.2101783,-98.5046066
SCHERTZ SUBSTATION,29.5636303,-98.2615022
MEDINA LAKE SUBSTATION,29.6125343,-98.9331466
RAYMOND F. BARKER SUBSTATION,29.9583299,-99.0461748
VERDE CREEK SUBSTATION,29.9331465,-99.0550854
MASON CREEK SUBSTATION,29.7605766,-99.0223297
BANDERA SUBSTATION,29.7364823,-99.111568
TUTTLE SWITCHYARD,29.529181,-98.4186763
KRUGERVILLE SUBSTATION,33.2782431,-96.9933255
AIRPORT SUBSTATION,25.9062207,-97.4474211
GOODYEAR SUBSTATION,29.7062033,-95.2569859
ALAMO CEMENT SUBSTATION,29.611783,-98.3744229
JETT SUBSTATION,30.3747184,-97.8064759
MCCULLOUGH SUBSTATION,33.5671099,-101.8785704
RICHARDS SUBSTATION,35.6322202,-105.9993882
DEVIL'S HILL SUBSTATION,29.9223454,-98.4123381
GUERREÑO,25.9792176,-98.156706
LAS GLORIAS,25.8486816,-100.1444022
LAMPAZOS,27.0962585,-100.454717
ROBINSON,28.6540345,-106.0520189
JOURDANTON SUBSTATION,28.9242677,-98.5520234
LEXINGTON SUBSTATION,30.4158731,-97.0032872
BELLE ISLAND SUBSTATION,35.5286215,-97.5386388
SEPTON SUBSTATION,29.616239,-95.0367159
BYPARK SUBSTATION,29.6423045,-95.0594266
FAIRMONT SUBSTATION,29.6495277,-95.1027606
SYLVAN SUBSTATION,29.654623,-95.0402382
LUZBAY SUBSTATION,29.6396858,-95.0553675
BAYOU COGEN SUBSTATION,29.6262386,-95.046627
BAYWAY SUBSTATION,29.609416,-95.0495527
SUBESTACIÓN FRONTERA,26.9265828,-101.5037648
RAYFORD SUBSTATION,30.1286278,-95.4450527
GERTIE SUBSTATION,29.8635798,-95.6839352
ATASCOCITA SUBSTATION,30.0048964,-95.0970253
DRILCO SUBSTATION,29.9643881,-95.3830004
KLUGE SUBSTATION,29.9895231,-95.6184028
KINGWOOD SUBSTATION,30.0544423,-95.1893754
CEDAR BAYOU SUBSTATION,29.7578947,-94.9501426
FREDERICKSBURG SUBSTATION,30.2597239,-98.8851653
WOLF CREEK SUBSTATION,30.1233478,-99.08809
MILLER CREEK SUBSTATION,30.2620154,-98.2984704
MOUNTAIN TOP SUBSTATION,30.2299397,-98.3702977
CASTELL SUBSTATION,30.7383742,-98.9632146
KERRVILLE STADIUM SUBSTATION,30.0578856,-99.1338523
NUEVA ROSITA,27.9225117,-101.1963484
LIVERPOOL SUBSTATION,29.279128,-95.2948589
RIWOOD SUBSTATION,29.0557595,-95.3474801
STRATT SUBSTATION,29.0500134,-95.3547875
PETSON SUBSTATION,29.253006,-95.2203321
SURFSIDE SUBSTATION,28.958795,-95.3391568
POLK SUBSTATION,29.7522381,-95.3616763
KATY SUBSTATION,29.7869553,-95.8393522
INTERCONTINENTAL SUBSTATION,29.9869051,-95.3674043
GREENS ROAD SUBSTATION,29.9508261,-95.3332229
PLAZA SUBSTATION,29.6894316,-95.3895629
HYDE PARK SUBSTATION,29.7479018,-95.3844158
OATES SUBSTATION,29.778976,-95.2524371
FREEWAY PARK SUBSTATION,29.4039712,-94.9951506
DICKINSON SUBSTATION,29.4611363,-95.0569173
FRIENDSWOOD SUBSTATION,29.5226574,-95.153378
GALVESTON 26TH STREET SUBSTATION,29.3028542,-94.7974095
WEST GALVESTON SUBSTATION,29.2962404,-94.8268509
DEER PARK SUBSTATION,29.6924032,-95.1289486
FONDREN SUBSTATION,29.6678871,-95.5093551
IMPERIAL SUBSTATION,29.5946144,-95.6301331
QUAIL VALLEY SUBSTATION,29.5868758,-95.5341146
TELVIEW SUBSTATION,29.5794319,-95.4874894
LITTLE YORK SUBSTATION,29.8641665,-95.4299193
UNDERWOOD SUBSTATION,29.692,-95.0890556
EXXON SUBSTATION,29.7496972,-95.0195303
HALL SUBSTATION,29.5893289,-95.2402045
LA PORTE SUBSTATION,29.6648389,-95.0161263
MARY'S CREEK SUBSTATION,29.554099,-95.2573336
NORMANDY SUBSTATION,29.7695546,-95.2056056
GREENS BAYOU 345KV SUBSTATION,29.8184592,-95.2182591
GREENS BAYOU 69KV SUBSTATION,29.8200967,-95.2208551
GUY BURKS SUBSTATION,30.1481392,-96.4228706
BIG CREEK SUBSTATION,29.471148,-95.7508658
DAMON SUBSTATION,29.2917568,-95.7292573
NEEDVILLE SUBSTATION,29.3961228,-95.8408987
WEST COLUMBIA SUBSTATION,29.1567911,-95.657564
WEST COLUMBIA LOCAL SUBSTATION,29.1492563,-95.6501211
LAKE JACKSON SUBSTATION,29.0529344,-95.4239779
SOUTH LANE CITY SUBSTATION,29.1949399,-96.0155587
PLEDGER SUBSTATION,29.1884844,-95.9115989
WIRT SUBSTATION,29.7852331,-95.4796226
HARRISBURG SUBSTATION,29.7149215,-95.265202
TELEPHONE SUBSTATION,29.5991296,-95.2873955
DAVSON SUBSTATION,29.7164187,-95.1892412
MOODY SUBSTATION,29.2606265,-94.8534081
ALTA LOMA SUBSTATION,29.391578,-95.0910059
HITCHCOCK SUBSTATION,29.3474783,-95.0158985
WESTBAY SUBSTATION,29.1126816,-95.09062
STEWART SUBSTATION,29.2277858,-94.9106839
EDNA SUBSTATION,28.9565828,-96.6461209
EL CAMPO SUBSTATION,29.1869921,-96.2674242
GANADO SUBSTATION,29.0131711,-96.5027179
CY-FAIR SUBSTATION,29.9480026,-95.672579
CUERO HYDRO SUBSTATION,29.1294505,-97.3080004
CHEAPSIDE SUBSTATION,29.3089862,-97.3953221
THOMASTON SUBSTATION,28.997465,-97.1485513
CUERO SUBSTATION,29.1074722,-97.2724379
GONZALES SUBSTATION,29.5178955,-97.4680608
SAM RAYBURN SWITCHYARD,28.8931193,-97.1330497
VANDERBILT SUBSTATION,28.8058488,-96.6458304
LOOP 463 SUBSTATION,28.8163835,-97.0749995
JOSLIN SUBSTATION,28.6487411,-96.5464448
GREENLAKE SUBSTATION,28.5348861,-96.7962876
VISTRON SUBSTATION,28.5745707,-96.8330241
BLACK BAYOU SUBSTATION,28.6424013,-96.9196591
PORT LAVACA SUBSTATION,28.6107228,-96.6582959
BROOKHOLLOW SUBSTATION,28.6304023,-96.6338188
OAK HILL SUBSTATION,30.2338152,-97.8594588
HEARNE SUBSTATION,30.8841266,-96.6259188
FORMOSA SUBSTATION,28.6836299,-96.5510875
FORMOSA PLASTICS SWITCHING STATION,28.6862625,-96.551185
ALCOA SUBSTATION,28.6575689,-96.5576281
BAY CITY SUBSTATION,28.9877151,-95.9693319
MARKHAM SUBSTATION,28.9667444,-96.0696348
KENEDY SWITCHING STATION,28.8424725,-97.8374184
CHARLOTTE SUBSTATION,28.8560312,-98.7020999
CARANCAHUA SUBSTATION,28.7441887,-96.4223218
PALACIOS SUBSTATION,28.7570091,-96.2121274
MID COUNTY SUBSTATION,29.9413877,-93.9583753
CHEEK SUBSTATION,30.0008819,-94.1843486
DAYTON BULK SUBSTATION,30.0370113,-94.8925182
HUNTSVILLE SUBSTATION,30.7186788,-95.5469956
CARGILL WIRE SUBSTATION,30.0762788,-94.1105862
YANKEE DOODLE SUBSTATION,30.0510148,-94.0936926
LINCOLN SUBSTATION,30.0555427,-94.1222927
BURT STREET 138KV SUBSTATION,30.0665861,-94.0778222
CARROL STREET PARK 138KV SUBSTATION,30.0665666,-94.0788802
AMELIA BULK SUBSTATION,30.0771197,-94.2341952
BEVIL SUBSTATION,30.1595419,-94.2360714
BRIARCLIFF SUBSTATION,30.1041352,-94.1427642
LINDBERGH SUBSTATION,30.0706432,-94.1550748
MCHALE SUBSTATION,30.1274624,-94.1387099
TANGLEWOOD SUBSTATION,30.0953028,-94.1686807
WEST END SUBSTATION,30.0821511,-94.1339422
TYRRELL SUBSTATION,30.0370155,-94.1331431
VIRGINIA SUBSTATION,30.0424051,-94.1079579
LOVELL LAKE SUBSTATION,29.9164721,-94.1553753
ARCHIE SUBSTATION,30.0746312,-94.0995487
JIROU SUBSTATION,30.0912932,-94.1080726
NORTH END SUBSTATION,30.1068612,-94.1192301
TRAVIS SUBSTATION,30.0854619,-94.0966321
ROSEDALE SUBSTATION,30.1383224,-94.1713683
FORT WORTH SUBSTATION,29.8744268,-93.941829
GROVES SUBSTATION,29.9453296,-93.9209315
KOLBS SUBSTATION,29.9246919,-93.9401096
LAKEVIEW SUBSTATION,29.9132824,-93.9011138
PORT ARTHUR WATER WORKS SUBSTATION,29.8877824,-93.9444065
TEXACO SUBSTATION,29.8889056,-93.9453967
RAYWOOD SUBSTATION,30.0274561,-94.6728567
PORT ACRES BULK SUBSTATION,29.8872058,-93.9987323
SUBESTACIÓN CAMARGO 2,27.6580077,-105.0635417
DORSEY SUBSTATION,29.9073741,-94.0100035
EXPLORER SUBSTATION,29.9004013,-94.0052601
FEDERAL SUBSTATION,29.9650643,-94.0494726
GALLIER CO SUBSTATION,30.0684356,-94.2252503
MEEKER SUBSTATION,30.0663113,-94.2323476
MOBIL HEBERT SUBSTATION,29.9727549,-94.0547607
ORANGE BULK SUBSTATION,30.0954757,-93.7904181
POLY SUBSTATION,30.0697517,-94.23174
PORT ACRES SUBSTATION,29.9004366,-94.0090201
SOUR LAKE SUBSTATION,30.1347472,-94.4120296
SPURLOCK SUBSTATION,29.9658086,-94.0290897
CORDREY SUBSTATION,30.1109168,-93.7421954
BERTWOOD SUBSTATION,29.8439654,-95.3141596
GEARS SUBSTATION,29.9647206,-95.4400745
LAUDER SUBSTATION,29.9112446,-95.3215354
LOCKWOOD SUBSTATION,29.9351185,-95.2885629
SCENIC WOODS SUBSTATION,29.8837228,-95.2852647
MONSANTO SUBSTATION,29.2562723,-95.2116637
MUSTANG BAYOU SUBSTATION,29.3627344,-95.2037087
SOUTHWYCK SUBSTATION,29.5522517,-95.3892814
PISEK SUBSTATION,29.9211392,-96.5718993
WELCOME SUBSTATION,30.0327346,-96.4785325
ALMEDA SUBSTATION,29.6300983,-95.4036239
COLLEGE SUBSTATION,29.6597177,-95.2448467
DUPONT DEE SUBSTATION,30.010021,-94.0284957
GULFWAY SUBSTATION,29.945672,-93.8899278
HANKS SUBSTATION,29.9075447,-93.9253774
PANSY SUBSTATION,29.8951451,-94.2251689
PINE STREET SUBSTATION,29.9761492,-93.9341611
PORT NECHES BULK SUBSTATION,29.9632409,-93.9387074
VFW PARK SUBSTATION,29.9617857,-93.8972247
CENTRAL SUBSTATION,29.9856721,-94.0109484
CROWDER SUBSTATION,29.9715905,-93.9786959
LINDE SUBSTATION,29.963356,-93.9220696
PORT NECHES SUBSTATION,29.9873866,-93.9610605
UNION SUBSTATION,29.9950911,-93.9842719
MANCHESTER SUBSTATION,29.9337821,-93.9036612
SOUTH CHANNEL SUBSTATION,29.7219527,-95.1643619
STRAWBERRY BELT SUBSTATION,29.6991465,-95.1720315
WITTER SUBSTATION,29.7162427,-95.2005058
PSARCO SUBSTATION,29.8132657,-95.1211009
DYANN SUBSTATION,29.2892339,-96.0703292
FREEMAN SUBSTATION,29.8752128,-95.8413483
FREEPORT SUBSTATION,28.9403454,-95.3484562
LEAGUE CITY MAIN SUBSTATION,29.5009557,-95.0819814
AMOCO SUBSTATION,29.2337792,-95.1870225
HASTINGS SUBSTATION,29.4832446,-95.252574
NASH SUBSTATION,29.2435288,-95.5939131
KEMAH SUBSTATION,29.5382779,-95.0263294
GREENBELT SUBSTATION,29.3796265,-94.9345821
APACHE SUBSTATION,29.3787017,-94.9475574
TEJAS SUBSTATION,29.3801432,-94.9229792
CADDO SUBSTATION,29.3795655,-94.9441281
LA MARQUE SUBSTATION,29.367125,-94.9650088
CHEROKEE SWITCHING STATION,29.3671312,-94.9158257
NORTHSIDE SUBSTATION,29.4090285,-94.9135866
WR AIRPORT SUBSTATION,35.409871,-97.5747006
TERMINAL SUBSTATION,29.3705796,-94.9112886
CHOCTAW SUBSTATION,29.3764461,-94.9077292
ISP SUBSTATION,29.4256236,-94.963842
TEXAS CITY MAIN SUBSTATION,29.3814909,-94.9015438
CLEMONS SUBSTATION,28.9887616,-95.5734437
CLEMONS SWITCHING STATION,29.056894,-95.5854213
BRAZORIA SUBSTATION,29.0622656,-95.5775752
SWEENY SUBSTATION,29.0554086,-95.6871314
WEST COLUMBIA MAIN SUBSTATION,29.1545962,-95.6570919
ALDEN SUBSTATION,30.2320609,-95.5152601
PLANTATION SUBSTATION,30.251679,-95.4332766
CONAIR SUBSTATION,30.337979,-95.447184
CONROE BULK SUBSTATION,30.2890328,-95.4552369
FISH CREEK SUBSTATION,30.2973287,-95.5477712
METRO SUBSTATION,30.1747785,-95.4622499
KERRVILLE LEGION SUBSTATION,30.0003254,-99.1003677
KERRVILLE TRAVIS SUBSTATION,30.042648,-99.1246412
GOAT CREEK SUBSTATION,30.0797854,-99.2102278
RIM ROCK SUBSTATION,30.03013,-99.1731368
ADAMS BAYOU SUBSTATION,30.059851,-93.7516014
BUNCH GULLY SUBSTATION,30.0503406,-93.7745469
COW SUBSTATION,30.0411958,-93.7497434
FRONT STREET SUBSTATION,30.0909221,-93.7293732
WEST ORANGE SUBSTATION,30.0759454,-93.7584408
HIMEX SUBSTATION,29.5593502,-94.3955707
STOWELL SUBSTATION,29.7919719,-94.4010125
TURTLE CREEK SUBSTATION,29.9689246,-99.2072635
HUNT SUBSTATION,30.0761257,-99.3360162
INGRAM SUBSTATION,30.0845158,-99.245293
MEDINA SUBSTATION,29.8062734,-99.2538115
MET CENTER SUBSTATION,30.2110191,-97.6931472
GROVE SUBSTATION,30.216481,-97.7109706
BURLESON SUBSTATION,30.214689,-97.7367219
HI CROSS SUBSTATION,30.1861982,-97.7691114
JOLLYVILLE SUBSTATION,30.47956,-97.7816677
HOWARD LANE SUBSTATION,30.4331497,-97.6887667
TECH RIDGE SUBSTATION,30.4196778,-97.6658368
WILLIAMSON SUBSTATION,30.4371887,-97.7502424
ROUND ROCK SOUTH SUBSTATION,30.4742409,-97.6941709
ROUND ROCK SUBSTATION,30.5212049,-97.7021563
FISKVILLE SUBSTATION,30.36215,-97.6831083
JUSTIN LANE SUBSTATION,30.3435429,-97.7161637
WELLS BRANCH SUBSTATION,30.4460607,-97.6891131
HARRIS BRANCH SUBSTATION,30.3712511,-97.5809133
SPRINKLE SUBSTATION,30.3531039,-97.6455302
CELNEC SUBSTATION,29.6283145,-95.0648161
BIMONT SUBSTATION,29.6476455,-95.0554348
PILGRIM SUBSTATION,29.5523065,-95.1749867
THOMPSONS SUBSTATION,29.4812446,-95.5863788
ULRICH SUBSTATION,29.7358806,-95.4838109
ROSHARON SUBSTATION,29.3537142,-95.4296607
GERONIMO SUBSTATION,29.6274521,-97.9706255
NEW BERLIN SUBSTATION,29.4876069,-98.0439514
SCHUMANSVILLE SUBSTATION,29.653817,-98.0970602
RANDOLPH FIELD SUBSTATION,29.543545,-98.2906459
EDISON SUBSTATION,30.3331132,-99.57615
SEGOVIA SUBSTATION,30.409877,-99.651832
OLD OCEAN SUBSTATION,29.0657782,-95.7372656
SWEENY COGENERATION SUBSTATION,29.0721509,-95.7438603
PHILLIPS TANK FARM SUBSTATION,29.0761294,-95.7446116
BIG HILL SUBSTATION,31.0473485,-100.5430595
ORSTED SUBSTATION,30.6959311,-100.194869
COLLEGE STATION JUNCTION,30.6290888,-96.2924541
LAKE FOREST SUBSTATION,30.3403973,-95.6145329
ROBERTSON SUBSTATION,30.9451326,-96.5693046
ELLIOT SUBSTATION,30.9514327,-96.5759082
CENTRAL AUSTIN SUBSTATION,30.3107185,-97.733894
KOENIG LANE SUBSTATION,30.3283718,-97.7269485
NORTHLAND SUBSTATION,30.3354059,-97.7546585
LAKESHORE SUBSTATION,30.3151729,-97.7804896
GLASSCOCK SUBSTATION,30.7395968,-97.6940777
RIVERY SUBSTATION,30.6485016,-97.6896452
CHIEF BRADY SUBSTATION,30.5917973,-97.6958651
KENT SUBSTATION,30.4953132,-97.8083695
ELGIN SWITCHING STATION,30.4170374,-97.3591052
TAYLOR SUBSTATION,30.5670969,-97.3973345
STOCKDALE ROAD SUBSTATION,29.1473191,-98.1448624
CUSHMAN SUBSTATION,29.5742245,-97.9456756
HICKORY FOREST SUBSTATION,29.4683849,-97.8641655
HIGHWAY 123 SUBSTATION,29.4940245,-97.9584953
SUTHERLAND SPRINGS SUBSTATION,29.2669322,-98.0639661
WILSON SUBSTATION,29.3376671,-98.1728307
RUTHERFORD SUBSTATION,30.1176769,-97.9856532
PHILLIPS JOHNSON CITY SUBSTATION,30.2819413,-98.2393489
DRIPPING SPRINGS SUBSTATION,30.1737579,-98.0837344
LAGO VISTA SUBSTATION,30.4606591,-97.9785748
MANCHACA SUBSTATION,30.1352506,-97.8506158
HENLY SUBSTATION,30.2028212,-98.156778
BRODIE LANE SUBSTATION,30.1876914,-97.8482193
SLAUGHTER LANE SUBSTATION,30.1722149,-97.8114927
TURNERSVILLE SUBSTATION,30.0737738,-97.7830098
WARREN SUBSTATION,30.310659,-97.7582
MULA SUBSTATION,29.6332441,-95.5619756
HADEN SUBSTATION,29.7596738,-95.1730067
PORT SUBSTATION,29.7531369,-95.1846261
JACINTOPORT SUBSTATION,29.7518085,-95.1251916
BADER SUBSTATION,29.3705766,-98.9425006
BIG FOOT SUBSTATION,29.0597324,-98.9503588
NATALIA SUBSTATION,29.2072007,-98.9052214
BARCLAY SUBSTATION,31.0759216,-97.1149891
TEMPLE TAYLOR VALLEY SUBSTATION,31.0347616,-97.4042132
LAKE BELTON SUBSTATION,31.1414394,-97.4341162
TEMPLE SOUTHEAST SUBSTATION,31.0712045,-97.3549676
SCOTT AND WHITE SUBSTATION,31.0757809,-97.3600917
TEMPLE SUBSTATION,31.0880785,-97.3314843
SEATON SUBSTATION,31.0809833,-97.2824532
BARTLETT SUBSTATION,30.7914209,-97.4267401
GRANGER SUBSTATION,30.723363,-97.4466427
HOLLAND SUBSTATION,30.8754797,-97.403301
TEMPLE ELM CREEK SUBSTATION,31.1308646,-97.3299559
WHITNEY DAM SUBSTATION,31.8645881,-97.3715293
ALTUS SUBSTATION,34.6670776,-99.3431239
ROUND ROCK NORTHEAST SUBSTATION,30.5414592,-97.6488989
TAYLOR WEST SUBSTATION,30.5569997,-97.486632
GEORGETOWN SOUTH SUBSTATION,30.5885138,-97.6832332
ROUND ROCK WESTINGHOUSE SUBSTATION,30.5670443,-97.6985351
GOLDTHWAITE SUBSTATION,31.4310583,-98.5662729
BROWN SUBSTATION,31.5379796,-99.1953099
TRADING POST SUBSTATION,30.3129588,-97.9712898
KIRKLAND PARK SUBSTATION,32.89295,-96.7638817
GREENVILLE AVENUE SUBSTATION,32.8410524,-96.7687774
HASKELL SUBSTATION,32.7822209,-96.7459294
CALUMET SUBSTATION,32.7421447,-96.8945414
WALL STREET SUBSTATION,32.7623276,-96.7851029
HEMPHILL SUBSTATION,32.7393858,-97.3323831
MISTLETOE HEIGHTS SUBSTATION,32.7345443,-97.3537056
ARMSTRONG SUBSTATION,32.8228624,-96.7921858
BLACKWELL STREET SUBSTATION,32.8674299,-96.7658239
EULESS SOUTH SUBSTATION,32.8150831,-97.1221357
BEDFORD SUBSTATION,32.8526622,-97.1473252
BRYAN AVENUE SUBSTATION,32.7043573,-97.3250119
FOREST HILL SWITCHING STATION,32.6446636,-97.2871176
DUVAL SUBSTATION,32.7253676,-97.2952237
BLACKSTONE SUBSTATION,32.7647367,-97.3917156
GENERAL DYNAMICS SUBSTATION,32.772968,-97.4526988
NORTH MAIN SUBSTATION,32.7620649,-97.3357328
COLLEYVILLE SUBSTATION,32.8945183,-97.1653221
KELLER WALL PRICE SUBSTATION,32.9206259,-97.256552
EULESS SUBSTATION,32.8653313,-97.0993288
GRAPEVINE BALL STREET,32.926151,-97.0848457
CRANE'S MILL SUBSTATION,29.8524527,-98.2832946
SATTLER SUBSTATION,29.8497103,-98.1712167
COPPELL SWITCHING STATION,32.9490808,-97.0078497
CUSTER SUBSTATION,33.1598323,-96.7524443
FRISCO SUBSTATION,33.1818275,-96.8316271
LEBANON SUBSTATION,33.1111554,-96.7747126
NAVO SUBSTATION,33.2210505,-96.9179473
NORTH LAKE SUBSTATION,32.9513473,-96.9756826
PANTHER CREEK SUBSTATION,33.2031866,-96.8770045
ROCK HILL SUBSTATION,33.203111,-96.793277
CARROLLTON-JOSEY LANE SUBSTATION,32.9774369,-96.889054
CARROLLTON-TARPLEY ROAD SUBSTATION,32.982079,-96.850643
CARROLLTON-UPFIELD SUBSTATION,32.9504229,-96.9127712
SOUTH SUBSTATION,33.0062875,-97.0108813
FISCHER SUBSTATION,29.9331522,-98.2057872
HIGHWAY 32 SUBSTATION,29.9457441,-98.0935748
HARTS ISLAND SUBSTATION,32.4364154,-93.7029845
WESTERN ELECTRIC SUBSTATION,32.3813789,-93.8085659
ELLERBE ROAD SUBSTATION,32.4307858,-93.7454194
LINWOOD SUBSTATION,32.4535331,-93.7624708
PORT ROBSON SUBSTATION,32.3646737,-93.6425917
SOUTH SHREVEPORT SUBSTATION,32.4195809,-93.7644983
WALLACE LAKE SUBSTATION,32.3278625,-93.6980797
81ST & GARNETT SUBSTATION,36.0472949,-95.8543883
CEMEX SUBSTATION,29.6749932,-98.1808078
EC MORNHINWEG SUBSTATION,29.6582279,-98.202872
FREIHEIT ROAD SUBSTATION,29.7039908,-98.0859011
LOOP 337 SUBSTATION,29.702233,-98.1600053
SEYMOUR SUBSTATION,33.5946798,-99.2545766
HEARNE SOUTHWEST SUBSTATION,30.8618666,-96.6072524
ARSENAL HILL SUBSTATION,32.5160798,-93.7620224
BROWNLEE ROAD SUBSTATION,32.5777203,-93.7308604
MCWILLIE SUBSTATION,32.48007,-93.7653972
NORTH MARKET SUBSTATION,32.5406399,-93.7730916
RAINES ROAD SUBSTATION,32.5646817,-93.8281996
SCOTTSVILLE SUBSTATION,32.5432991,-94.2543149
SOUTHEAST MARSHALL SUBSTATION,32.5223399,-94.3517138
BELCHER SUBSTATION,32.7457531,-93.8550383
BROOKS STREET SUBSTATION,32.4992927,-93.7508191
EDWARDS STREET SUBSTATION,32.5044584,-93.7395755
FORT HUMBUG SUBSTATION,32.4984621,-93.7230302
GILLIAM SUBSTATION,32.8176011,-93.8668835
HOSSTON SUBSTATION,32.8840012,-93.8832738
LIEBERMAN 138KV SUBSTATION,32.706242,-93.9607342
PIERREMONT SUBSTATION,32.4555977,-93.7080225
TRICHEL STREET SUBSTATION,32.4992675,-93.6977671
VIVIAN SUBSTATION,32.8656597,-93.9873917
RED POINT SUBSTATION,32.5562122,-93.5490479
BODCAU ROAD SUBSTATION,32.5521506,-93.6045559
WHITEHURST SUBSTATION,32.5388818,-93.6591231
FERN STREET SUBSTATION,32.4515673,-93.7315731
FLOURNOY SUBSTATION,32.4488931,-93.9202978
FORD SUBSTATION,32.4426481,-93.8870371
LOUISIANA AVENUE SUBSTATION,32.5141739,-93.7551498
MARSHALL STREET SUBSTATION,32.5155978,-93.7529678
PINES ROAD SUBSTATION,32.4806042,-93.8680186
WASKOM SUBSTATION,32.4780916,-94.0463904
WATERWORKS SUBSTATION,32.5045281,-93.7913212
FORBING ROAD SUBSTATION,32.4168115,-93.7519471
GEORGIA PACIFIC SUBSTATION,32.0158228,-93.9840284
KEATCHIE CO OP SUBSTATION,32.1880896,-93.9144326
LOGANSPORT SUBSTATION,31.9793846,-94.0042219
POOLEY ROAD SUBSTATION,29.695603,-97.747114
THOMPSON CREEK SUBSTATION,30.5950737,-96.417405
GREENS PRAIRIE SUBSTATION,30.5542392,-96.2577568
ALVARADO SUBSTATION,32.3963112,-97.2234868
CLEBURNE SUBSTATION,32.3540977,-97.3748708
KEENE SUBSTATION,32.3673702,-97.3361047
DOUCETTE SUBSTATION,30.835754,-94.4348753
FORK CREEK SUBSTATION,30.8832809,-94.2937194
JASPER SUBSTATION,30.9508095,-94.0006164
KOUNTZE BULK SUBSTATION,30.3591031,-94.3312151
MILL CREEK SUBSTATION,30.9942761,-94.1060456
NEWTON BULK SUBSTTAION,30.8699125,-93.7877478
SAM DAM SUBSTATION,31.059199,-94.1048081
TURKEY CREEK SUBSTATION,30.8366902,-94.4241364
RANCH ROAD 12 SUBSTATION,29.9005837,-97.9918426
HUTCHINS SUBSTATION,32.6303563,-96.7053337
MIDLOTHIAN SOUTH SUBSTATION,32.4673374,-96.9908301
NORTHAVEN SWITCHING STATION,32.9013773,-96.8100505
MORRISON LANE SUBSTATION,32.8831431,-96.8934503
FLETCHER SUBSTATION,30.2627385,-94.1902973
KIRBYVILLE SUBSTATION,30.6730971,-93.8905017
NORTH SILSBEE SUBSTATION,30.3762726,-94.1759863
EVADALE SUBSTATION,30.3413659,-94.0693987
J. K. SPRUCE SWITCHYARD,29.3124345,-98.3202134
RECORD CROSSING SUBSTATION,32.8180843,-96.8558815
LOMO ALTO SUBSTATION,32.8499573,-96.8127295
REAGAN STREET SUBSTATION,32.8036841,-96.8192054
KNIPPA SUBSTATION,29.2886401,-99.6460336
D'HANIS SUBSTATION,29.3210323,-99.2775748
SABINAL SUBSTATION,29.298851,-99.4635889
UVALDE SUBSTATION,29.2129414,-99.7985937
MCGREGOR SUBSTATION,31.4389667,-97.4029566
WACO SANGER AVENUE SUBSTATION,31.5224798,-97.1969538
WACO WOODWAY SUBSTATION,31.5122034,-97.2221525
BELTON SUBSTATION,31.0831434,-97.4586601
WACO ATCO SUBSTATION,31.4852948,-97.2507527
ASPHALT MINES SUBSTATION,29.1881584,-100.0242075
BRACKETTVILLE SUBSTATION,29.3246289,-100.3923513
ECLIPSE SUBSTATION,29.3239514,-100.3920398
ODLAW SUBSTATION,29.2682556,-100.1980348
WEST BATESVILLE SUBSTATION,28.9448967,-99.7287362
WEST UVALDE SUBSTATION,29.1835318,-99.8347882
TERRELL SUBSTATION,32.7714847,-96.2805365
LONGVIEW HEIGHTS SUBSTATION,32.5064616,-94.6874154
GREGGTON SUBSTATION,32.5107976,-94.8158054
HARRISON ROAD SUBSTATION,32.4936273,-94.8090898
KNOX LEE,32.3775658,-94.6413362
LAKE LAMOND SUBSTATION,32.5066146,-94.7699476
LETOURNEAU SUBSTATION,32.4586155,-94.73178
LONGVIEW SUBSTATION,32.4924363,-94.7299218
SPRING HILL SUBSTATION,32.5818605,-94.8125182
WHITNEY SUBSTATION,32.4697175,-94.7152066
BAKERSFIELD SUBSTATION,30.9758554,-102.2890918
CASTLE GAP SUBSTATION,31.1157152,-102.2950521
MCCAMEY SUBSTATION,31.1372477,-102.203295
NORTH MCCAMEY SUBSATION,31.1535274,-102.2232987
NORTH MCCAMEY SUBSTATION,31.1550633,-102.2267997
OXY TAP SUBSTATION,31.1192249,-102.2979121
TIPPET SUBSTATION,30.9921472,-102.1338353
BIG SANDY SUBSTATION,32.5888372,-95.1057436
PERDUE SUBSTATION,32.5729897,-94.9980587
ANACACHO SUBSTATION,29.204646,-100.1712142
CENTRAL BLUFF SUBSTATION,32.1171893,-100.1548148
FERRIS SUBSTATION,29.3231291,-99.7453598
LEONA SUBSTATION,29.0855249,-99.7114626
NORTH BATESVILLE SUBSTATION,28.9633621,-99.6168507
SOUTH BATESVILLE SUBSTATION,28.920793,-99.6062569
HILLTOP LAKES SUBSTATION,31.0800416,-96.2221791
NORTH ZULCH SUBSTATION,30.9197558,-96.0738159
BEDIAS SUBSTATION,30.7855213,-95.9657313
PETTEWAY SUBSTATION,31.1666079,-96.524504
RANCHTOWN SUBSTATION,29.6178178,-98.736019
PALO DURO SUBSTATION,28.8459224,-99.1905826
FRIO TOWN SUBSTATION,29.0220885,-99.3434453
DERBY SUBSTATION,28.7904276,-99.1939239
DILLEY SUBSTATION,28.6805149,-99.2019092
DILLEY SWITCHING STATION,28.6687916,-99.2051217
PEARSALL SUBSTATION,28.8881174,-99.0793245
PLEASANTON SUBSTATION,28.9903626,-98.4381492
ROUGH CANYON SUBSTATION,29.5374579,-100.8960054
AMISTAD SWITCHYARD,29.449495,-101.0557498
BUENA VISTA SUBSTATION,29.4012531,-100.9157191
DEL RIO SUBSTATION,29.3670389,-100.8932854
PICACHO SUBSTATION,29.4324493,-100.9409377
COMSTOCK SUBSTATION,29.7474583,-101.1394552
ILLINNOIS #4 SUBSTATION,30.5545154,-101.5355005
ROBINSON SUBSTATION,31.4454993,-97.1076074
WACO M&M MARS 1 SUBSTATION,31.4881079,-97.1965334
WACO EAST SUBSTATION,31.5595771,-97.1198174
WACO NORTHWEST SUBSTATION,31.5439012,-97.205083
CRAWFORD SUBSTATION,31.5402084,-97.4089206
BELLMEAD SUBSTATION,31.6118435,-97.1103822
WACO NORTH SUBSTATION,31.5774306,-97.1793069
CAUTHORN SUBSTATION,30.3047826,-100.6748156
SONORA SUBSTATION,30.5676545,-100.6557629
RICHARDSON COLLINS BOULEVARD SUBSTATION,32.9674729,-96.7153902
RICHARDSON WOODHAVEN SUBSTATION,32.9382125,-96.7151145
HALLSVILLE SUBSTATION,32.506043,-94.5780567
NORTH MARSHALL SUBSTATION,32.5687792,-94.3686703
HILLSBORO SUBSTATION,32.0148101,-97.1369672
PAVE PAWS SUBSTATION,30.9796123,-100.5512167
ELDORADO LIVE OAK SUBSTATION,30.8780456,-100.5700719
LANGFORD WIND SUBSTATION,31.1185543,-100.6307469
SANTIAGO SUBSTATION,31.1162658,-100.5132428
SCHKADE SUBSTATION,31.4045141,-100.5316979
SAN ANGELO AVENUE N SUBSTATION,31.4451258,-100.47739
RUSTHILL SUBSTATION,31.4517257,-100.4248235
SAN ANGELO COKE STREET SUBSTATION,31.4639378,-100.4043985
SAN ANGELO LAKE DRIVE SUBSTATION,31.4959773,-100.466371
SAN ANGELO NORTH SUBSTATION,31.4940115,-100.4352089
SAN ANGELO PAULANN SUBSTATION,31.4882002,-100.3853103
NEWMAN SWITCHING STATION,32.9137053,-96.624517
CASTLE SUBSTATION,32.9213526,-96.6141921
GARLAND SUBSTATION,32.9010308,-96.6775988
MARQUIS SUBSTATION,32.9020987,-96.6776762
NAAMAN SUBSTATION,32.9368989,-96.6113491
SHILOH SUBSTATION,32.9005944,-96.6668772
WALNUT SUBSTATION,32.9164484,-96.6318372
CENTERVILLE SUBSTATION,32.8708343,-96.6345855
MILLER SUBSTATION,32.8946015,-96.6023706
WYNN JOYCE SUBSTATION,32.8655482,-96.601545
CRIST ROAD SUBSTATION,32.937148,-96.6248783
HULLDALE SUBSTATION,31.0049199,-100.5553795
ARROT SUBSTATION,31.073598,-100.509664
CHRISTOVAL SUBSTATION,31.1918628,-100.4907822
SAN ANGELO EMERSON STREET SUBSTATION,31.4739275,-100.4259275
SAN ANGELO JACKSON STREET SUBSTATION,31.4500803,-100.4557358
SAN ANGELO LAKE NASWORTHY SUBSTATION,31.3623077,-100.4507583
SAN ANGELO MATHIS FIELD SUBSTATION,31.3437751,-100.4967651
SAN ANGELO WALNUT STREET SUBSTATION,31.4644953,-100.4571351
LORENA SUBSTATION,31.3553175,-97.2129077
ABBOTT SUBSTATION,31.884993,-97.0777042
EDDY SUBSTATION,31.2919681,-97.2604561
GRANDVIEW TMPP SUBSTATION,32.3366367,-97.2401708
MERTENS SUBSTATION,32.0581542,-96.8925202
ROSS SUBSTATION,31.7495879,-97.113265
LILLIAN SUBSTATION,32.4908734,-97.1950254
POCKRUS SUBSTATION,33.1721119,-97.0845327
TEASLEY SUBSTATION,33.1449438,-97.1082821
SANGER NORTH SUBSTATION,33.3695392,-97.1864085
RECTOR ROAD SUBSTATION,33.3223264,-97.1917796
VERIBEST SUBSTATION,31.419303,-100.2524489
HARKER HEIGHTS SOUTH SUBSTATION,31.053869,-97.637018
BELTON SOUTHWEST SUBSTATION,31.0613576,-97.4762839
STERLING COUNTY SUBSTATION,31.828906,-101.1823414
MCDONALD ROAD SUBSTATION,32.0862519,-101.2756071
NORTH CANAL SUBSTATION,32.4576143,-104.228802
FOREMAN CEMENT SUBSTATION,33.6979922,-94.4194405
EDMOND HAFER SUBSTATION,35.6396039,-97.4523679
LAKEWOOD SUBSTATION,32.6232241,-104.4150068
ORCHARD PARK SUBSTATION,33.2555392,-104.4683888
LAKE ARTHUR SUBSTATION,33.006353,-104.4390552
HAGERMAN #2 SUBSTATION,33.1396495,-104.4403702
FIESTA SUBSTATION,32.4072628,-104.2206109
CARLSBAD WATERFIELD SUBSTATION,32.3268341,-104.3429748
LUFKIN SOUTH SUBSTATION,31.2917608,-94.7250458
DRINKARD SUBSTATION,32.4863472,-103.1590812
JAL SUBSTATION,32.1752241,-103.176689
CAPROCK STATION,34.9840967,-103.3678389
KYLE SUBSTATION,29.949868,-97.8842778
CLOVIS WEST SUBSTATION,34.4114684,-103.2499269
CANNON AFB SUBSTATION,34.393247,-103.3253785
CHEESE PLANT SUBSTATION,34.3171296,-103.2192444
CURRY COUNTY SUBSTATION,34.3921846,-103.1705353
CLOVIS SUBSTATION,34.3894819,-103.1612161
CLOVIS NORTH SUBSTATION,34.4409364,-103.2136167
PFLUGERVILLE SUBSTATION,30.4540508,-97.5998583
PRINCE SUBSTATION,33.4520803,-104.5273679
ROSWELL CITY SUBSTATION,33.3926587,-104.5199652
URTON SUBSTATION,33.4304429,-104.4943102
ROSWELL INTERCHANGE,33.3498634,-104.5061749
BRASHER SUBSTATION,33.3505671,-104.5274188
AIRPORT SUB,33.3159898,-104.5339038
CAPITAN SUBSTATION,33.3890765,-104.5779021
TWEEDY SUBSTATION,33.3279471,-104.4884799
SNAPDRAGON SUB,33.5057561,-104.520625
COMPRESSOR SUB,33.5078333,-104.5164981
SUBESTACION AEROPUERTO DEL NORTE,25.8977691,-100.2439055
ALPINE SUBSTATION,30.3556125,-103.6632475
TINSLEY CORSSING SUB,34.1276043,-103.422118
MORRIS SUBSTATION,27.7843998,-97.4055884
KILLEEN ELMS ROAD SUBSTATION,31.0763952,-97.7194423
HOPE WEST SUBSTATION,33.6644291,-93.6140326
HOPE NW SUBSTATION,33.7254342,-93.6394877
BRAZOS ELECTRIC COOP,32.4806963,-96.9064277
NEWARK SUBSTATION,33.0399204,-97.5229079
AURORA SUBSTATION,33.0512223,-97.5482651
DECATUR SUBSTATION,33.2142354,-97.587274
SHADOW GLEN SUBSTATION,30.3570482,-97.5354887
SUBESTACIÓN SANTIAGO 2,26.8634206,-105.8083462
CHAVANEAUX ROAD SUBSTATION,29.3350512,-98.5103843
BRISTOW,35.8154743,-96.3817119
BRAZOSPORT SUBSTATION,29.009659,-95.4326531
KERMAC SUBSTATION,32.505008,-103.7844527
MCGREGOR PHILLIPS SUBSTATION,31.4174945,-97.3946792
SAM SWITCHING STATION,31.8974649,-97.0180753
BARRY SUBSTATION,32.1490812,-96.6659063
ROUND ROCK SOUTHEAST SUBSTATION,30.4853152,-97.645045
ANNA STREET SUBSTATION,27.5241906,-99.5207805
SUB 6/17,34.9975496,-106.5381826
FORT WORTH PIPE SUBSTATION,30.3187631,-95.4118625
FLAT ROCK SUBSTATION,32.8705027,-97.5976923
MARFA ALAMITO CREEK SUBSTATION,30.3162931,-104.0088458
MARFA SUBSTATION,30.312318,-104.0167993
CIMARRON SOLAR FACILITY,36.4676322,-104.6421514
CORYELL COUNTY SUBSTATION,31.4619445,-97.7416745
SYCAMORE SUBSTATION,31.4753019,-97.7199776
SOUTH SWITCHING STATION,30.5937141,-96.3110029
SOUTH PADRE ISLAND SUBSTATION,26.1383366,-97.1745707
SHINER SUBSTATION,29.444397,-97.1922224
WEBBERVILLE SOLAR SUBSTATION,30.2431555,-97.5023373
SAND SPRINGS SUBSTATION,36.1315769,-96.1085279
PIERCE SUBSTATION,35.2018424,-101.8349721
NORTH ANDREWS SWITCHING STATION,32.3575658,-102.5608214
LUFKIN EAST SUBSTATION,31.3329798,-94.6889283
LUFKIN PERSHING TAP,31.2919732,-94.7456556
NACOGDOCHES STEPHEN F. AUSTIN SUBSTATION,31.6223578,-94.6430349
MOUNTAINAIR SUBSTATION,34.5293279,-106.2401349
POST OAK SUBSTATION,30.6223072,-96.3063864
TEXAS A&M UNIVERSITY SUBSTATION,30.616599,-96.3510888
WALDRON SUBSTATION,34.9075522,-94.0893235
ONION CREEK SUBSTATION,30.2103097,-97.6171301
SAND HILL SWITCHYARD,30.2096448,-97.6140833
SAM RAYBURN SUBSTATION,30.6818716,-96.3383608
NALL LANE SUBSTATION,30.6712904,-96.3475663
BIG SPRING SWITCHING STATION,32.2695661,-101.4371977
SHADY LANE SUBSTATION,30.6304958,-96.3356081
BARKER SUBSTATION,29.7116798,-95.6432402
DUKE SUBSTATION,26.341341,-98.1739111
CITGO NORTH OAK PARK SUBSTATION,27.8142737,-97.4270482
FRIESS RANCH SUBSTATION,30.4003733,-100.5139171
AMERICAN PETROFINA SUBSTATION,30.1714086,-100.0549578
MONTELL SUBSTATION,29.427929,-100.0017567
CROCKETT HEIGHTS SUBSTATION,30.7021487,-101.1175321
OZONA SUBSTATION,30.719174,-101.1997574
SONORA ATLANTIC SUBSTATION,30.6303169,-100.8197199
SOUTHWESTERN STATION,35.1003879,-98.3513147
FALLS CITY SUBSTATION,29.0105278,-97.9858253
COMAL STREET SUBSTATION,29.4215735,-98.508585
DEER CREEK SUBSTATION,29.5552442,-97.7837216
HELENA SUBSTATION,28.9379598,-97.7999956
MALONE SUBSTATION,29.6265555,-97.7212977
MILTON SUBSTATION,29.0564466,-97.787647
NASH CREEK SUBSTATION,29.5440239,-97.7573487
NORDHEIM SUBSTATION,28.9235605,-97.5996563
NORDHEIM WEST SUBSTATION,28.9115006,-97.6242556
COST SUBSTATION,29.4385175,-97.5277942
SMILEY SUBSTATION,29.3170092,-97.630292
HOCHHEIM SUBSTATION,29.27656,-97.2992364
MAGNOLIA MERCER SUBSTATION,29.7594273,-97.7056348
OTTINE SUBSTATION,29.6137191,-97.478546
RED ROCK SUBSTATION,29.9620324,-97.4521
LAREDO PLANT STATCOM SUBSTATION,27.5687335,-99.508382
LAREDO VFT SOUTH YARD,27.5701178,-99.5094777
LAREDO VFT NORTH YARD,27.5725569,-99.5090455
BETHANY SUBSTATION,35.5107439,-97.6144848
SECO SUBSTATION,29.4364938,-99.2383605
LAREDO HEIGHTS SUBSTATION,27.5236798,-99.4901461
ZAFARANO SUBSTATION,35.6455317,-106.0133469
BLANCO SUBSTATION,30.0825998,-98.4121882
BLANCO TAP,30.2846515,-98.3600628
JOHNSON CITY SUBSTATION,30.3006189,-98.3984711
PUEBLO SUBSTATION,28.6789845,-100.4637508
FORT GIBSON SUBSTATION,35.8693108,-95.2269851
MCGREGOR HERCULES SUBSTATION,31.3990895,-97.4711394
MESA SUBSTATION,31.806434,-106.5124153
PRYOR CITY #2 SUBSTATION,36.2933896,-95.2923506
RIO PECOS SUBSTATION,31.0848686,-102.3650822
MEZQUITAL PROVISIONAL,25.8120488,-100.2234755
MEZQUITAL,25.8118516,-100.2238892
CENTRAL CAMPUS SUB,35.0872672,-106.6191806
PEE DEE SUBSTATION,30.9300901,-95.8857407
BISHOP SUBSTATION,30.9045037,-95.8028353
STALEY SUBSTATION,30.8473941,-95.2585915
POCO SUBSTATION,30.7304849,-94.9087011
BOLD SPRINGS SUBSTATION,30.7615991,-94.9518015
ISRAEL ROAD SUBSTATION,30.7300365,-94.9064333
INDIAN SUBSTATION,30.7189107,-94.7135157
MENARD SUBSTATION,30.5830965,-94.7477474
CORRIGAN BULK SUBSTATION,30.9941226,-94.8168644
CHALKER SUBSTATION,33.526537,-101.9141733
BATTON SUBSTATION,33.527292,-101.9133942
NORTH VERNON SUBSTATION,34.20283,-99.3312134
DEWEY,36.1255334,-98.9199439
TALOGA,36.0655777,-98.9198841
PIC SUBSTATION,36.3527499,-99.094913
OKEENE SW SUBSTATION,36.0576965,-98.415353
WOODWARD,36.4179524,-99.3870303
RED HILLS,35.5135477,-99.3458533
MOREWOOD,35.7368123,-99.2770754
PUTMAN,35.8124533,-98.9694403
PIEDMONT SUBSTATION,35.6389747,-97.7191303
ANADARKO,35.0834184,-98.2282192
COMANCHE SUBSTATION,34.3482016,-97.9708161
SNYDER SUBSTATION,34.6574136,-98.9577186
WHITE CITY SUBSTATION,34.2830773,-99.3294677
ELECTRA SUBSTATION,34.0143233,-98.9221965
VERNON SUBSTATION,34.0221031,-98.956976
POCASSET SUBSTATION,35.2032588,-98.0206664
SHEFFIELD STEEL SUBSTATION,36.1295819,-96.121286
STILLWATER 138,36.1172528,-96.9901767
STILLWATER 69,36.1167431,-96.9917353
TIGER CREEK SUBSTATION,36.0034484,-96.5878454
LUTHER,35.7173618,-97.1939017
CRESCENT SUBSTATION,35.912475,-97.6047884
LIBERTY LAKE SUBSTATION,35.7695394,-97.4529877
WATERLOO SUBSTATION,35.7259856,-97.4514368
19TH AVENUE SUBSTATION,36.1008323,-97.114368
KINZIE,36.1199104,-97.1039854
RAMSEY,36.0403473,-97.1232955
LANGSTON,35.9262118,-97.2464078
EAST COYLE,35.9569797,-97.1781156
PERKINS,35.9271647,-97.0700025
SOUTHARD,36.0564896,-98.4667125
IODINE SUBSTATION,36.1428243,-99.2435191
GLASS MOUNTAIN SUBSTATION,36.3762014,-98.8916565
CLEO CORNER SUBSTATION,36.3754605,-98.4273326
GEORGIA TAP,35.0691863,-98.2405362
FORT COBB,35.1025814,-98.4356423
CARNEGIE,35.0585958,-98.6059718
RED HILLS TAP,35.5353897,-99.3825921
HANSFORD COUNTY SWITCHING STATION,36.4000995,-101.3877663
GRUVER SUBSTATION,36.2641044,-101.4104919
LASLEY SWITCHING STATION,36.3541221,-101.8252756
HILMAR CHEESE SUBSTATION,36.0840658,-102.5017641
VALERO SUNRAY WIND FARM SUBSTATION,35.9529792,-101.892506
ETTER RURAL SUBSTATION,36.0253479,-101.9756857
EXUM SUBSTATION,36.0699219,-102.1371154
MURFREESBORO SUBSTATION,34.0653022,-93.7008086
JARDIN SUBSTATION,28.5198799,-99.2379085
REVEILLE SUBSTATION,28.414759,-99.2581054
GATEWAY SUBSTATION,27.5134789,-99.4442097
SANTO NINO SUBSTATION,27.4755869,-99.461494
ZACATE CREEK SUBSTATION,27.5405375,-99.5003342
WASHINGTON STREET SUBSTATION,27.5091027,-99.4986085
DEL MAR SUBSTATION,27.5761399,-99.4662389
LAREDO PLANT SUBSTATION,27.5675198,-99.5069824
MINES ROAD SUBSTATION,27.6360241,-99.5302052
BOTINES SUBSTATION,27.6854295,-99.480509
NORTH LAREDO SWITCHING STATION,27.6921378,-99.4775647
MILO SUBSTATION,27.6110314,-99.4999283
BORDAS SUBSTATION,27.3211338,-98.9980687
RIO BRAVA SUBSTATION,27.3138335,-99.4195197
SIERRA VISTA SUBSTATION,27.4379838,-99.4482939
WORMSER ROAD SUBSTATION,27.454321,-99.4175881
BRUNI SUBSTATION,27.4355266,-98.8299803
WHITETAIL SUBSTATION,27.486609,-99.0091024
CEDRO HILL SUBSTATION,27.5638072,-98.9200978
MOLINA SUBSTATION,27.3277932,-99.4144195
CENIZO SUBSTATION,27.3275847,-99.4115574
BEVO SUBSTATION,28.4965119,-99.8401056
CRYSTAL CITY SUBSTATION,28.6900179,-99.8121491
DIMMIT SUBSTATION,28.5091892,-99.8736653
CARRIZO SPRINGS SUBSTATION,28.4932844,-99.8845434
LA PYOR SUBSTATION,28.9396323,-99.8336146
WEST CRYSTAL CITY SUBSTATION,28.6650398,-99.9555873
FREER SUBSTATION,27.9405117,-98.8683511
HINDES SUBSTATION,28.6463294,-98.9026564
CROSS SUBSTATION,28.6952248,-98.5400226
FULTON SUBSTATION,33.6106082,-93.7924968
MCNABB SUBSTATION,33.6568216,-93.7775888
CRUTCHFIELD SUBSTATION,30.5844559,-95.9341285
IOLA SUBSTATION,30.7315278,-96.0463321
CARLOS SWITCHING STATION,30.6160773,-96.1618461
TORDILLO SUBSTATION,28.8351968,-98.183065
FASHING SUBSTATION,28.8378973,-98.1844502
LKHOWARD SUBSTATION,26.4108404,-98.576834
JACKIEHOWARD SUBSTATION,26.5649457,-98.6984168
MIGHOWARD SUBSTATION,26.4874946,-98.5944999
DEL SEL SUBSTATION,26.4576945,-98.737021
ROMA SWITCHING STATION,26.5226458,-99.0192064
LISTON SUBSTATION,26.4113612,-98.5763904
GARZA SUBSTATION,26.452273,-98.7411214
RANDADO SUBSTATION,27.0840868,-98.9285684
SENDERO SUBSTATION,27.159548,-98.9524865
FALCON SWITCHING STATION,26.5438876,-99.0955145
SAN YGNACIO SUBSTATION,27.0687141,-99.3844647
LOPENO SUBSTATION,26.6876156,-99.1094767
TUBULAR SUBSTATION,30.3683104,-96.0895224
PANTHER CREEK WIND 2 SUBSTATION,31.9566722,-101.3017481
GRELTON SUBSTATION,32.1663965,-101.8814852
LONG DRAW SUBSTATION,32.7211161,-101.6329669
BEARKAT SUBSTATION,31.766046,-101.5314989
SAND BLUFF SUBSTATION,32.0035397,-101.2732002
CLEAR CROSSING SUBSTATION,33.0013738,-99.6054944
WEST SHACKLEFORD SUBSTATION,32.6357876,-99.5378545
WILLOW VALLEY SUBSTATION,32.6506667,-101.3961173
FARADAY SUBSTATION,32.6480728,-101.3957599
CIRRUS SUBSTATION,33.0329378,-101.6837118
MESQUITE CREEK WIND SUBSTATION,32.7062487,-101.7397539
STEPHENS RANCH WIND PROJECT I SUBSTATION,32.8980338,-101.657924
ALIBATES SUBSTATION,35.2549588,-101.3596449
SPINNING SPUR 1 SUBSTATION,35.2832778,-102.4347427
SPINNING SPUR 2 SUBSTATION,35.2921983,-102.582591
AJ SWOPE SUBSTATION,35.3135092,-102.0501861
HEREFORD WIND SUBSTATION,34.7730829,-102.2981288
WINDMILL SUBSTATION,34.7733778,-102.3045497
OGALLALA SUBSTATION,34.5197365,-102.0386865
LONGHORN WIND SUBSTATION,34.3167857,-101.240792
TULE CANYON SUBSTATION,34.4322275,-101.3595869
COTTONWOOD SUBSTATION,33.7782993,-100.8765375
DERMOTT SUBSTATION,32.860221,-101.0088003
TESLA SUBSTATION,34.3733936,-100.0868415
MIAMI WIND SUBSTATION,35.620227,-100.5413565
GRAY SUBSTATION,35.407782,-100.8199306
PATTERN PANHANDLE WIND 1 SUBSTATION,35.4147799,-101.2563436
RAILHEAD SUBSTATION,35.4022323,-101.1538371
PATTERN PANHANDLE WIND 2 SUBSTATION,35.4430283,-101.3728441
ROUTE 66 WIND SUBSTATION,35.205911,-101.4349646
GRANDVIEW WIND FARM 1 SUBSTATION,35.2541222,-101.1857855
KIRCHHEF SUBSTATION,32.9253314,-100.2167755
GAUSS SUBSTATION,33.4789378,-99.6615509
SAND ROAD SUBSTATION,34.1419896,-99.3059497
VERNON CITY PLANT SUBSTATION,34.162279,-99.2963093
BLUE SUMMIT WIND SUBSTATION,34.2940551,-99.369219
JIM TREECE SUBSTATION,34.234163,-99.4341637
THOMPSON SUBSTATION,33.5422305,-101.9267748
WEST KRUM SUBSTATION,33.3246805,-97.3106811
AUBREY SUBSTATION,33.3050741,-96.9998454
HICKS SUBSTATION,32.904137,-97.3839626
PEDEN ROAD SUBSTATION,32.941015,-97.4544791
CENTER POINT SUBSTATION,32.9351162,-97.5484499
BRIAR SUBSTATION,32.9792464,-97.5496874
RHOME SUBSTATION,33.0765203,-97.4742819
EAST BELL COUNTY SUBSTATION,31.0045653,-97.259603
NAVARRO SWITCHING STATION,31.963993,-96.5179966
KOPPRIL SUBSTATION,31.9526434,-97.8672011
ROMNEY SUBSTATION,32.2448282,-98.6739267
BODLE SUBSTATION,34.0080081,-96.3952858
SUTTON SUBSTATION,30.8152846,-96.5277378
BIG SPRING GULF SUBSTATION,32.2245424,-101.4071909
COLORADO RIVER MUNICIPAL WATER DISTRICT #4 SUBSTATION,31.6069904,-100.7627026
COLORADO RIVER MUNICIPAL WATER DISTRICT #2 SUBSTATION,31.5508658,-100.1773659
COLORADO RIVER MUNICIPAL WATER DISTRICT #8 SUBSTATION,31.8643969,-101.9501896
COLORADO RIVER MUNICIPAL WATER DISTRICT #3 SUBSTATION,31.5497518,-100.5001533
SAN ANGELO GRAPE CREEK SUBSTATION,31.5743365,-100.5728002
ROLLANS SUBSTATION,31.9108535,-100.9112753
COLORADO RIVER MUNICIPAL WATER DISTRICT #5 SUBSTATION,31.7027886,-101.1786754
ATOKA,34.4103517,-96.1097334
BIG SPRING COLORADO RIVER MUNICIPAL WATER DISTRICT SUBSTATION,32.2906051,-101.4684411
ELBOW SUBSTATION,32.168852,-101.4783576
SAINT LAWRENCE SUBSTATION,31.7121672,-101.4943253
COSDEN SUBSTATION,32.2710064,-101.4216764
FAIRVIEW SUBSTATION,32.3632978,-101.4866363
LUTHER SUBSTATION,32.4597304,-101.5157994
COLORADO CITY SUBSTATION,32.4184784,-100.9437625
BARBER LAKE SUBSTATION,32.3998355,-100.915463
CHICKASA NORTH 29TH STREET SUBSTATION,35.0650542,-97.9697425
STILES SUBSTATION,31.4345701,-101.5861458
EAST STILES SUBSTATION,31.5598358,-101.4797212
SALT FLAT ROAD SUBSTATION,31.7189097,-101.9408273
SKYWEST SUBSTATION,31.718461,-101.9300963
DRIVER SUBSTATION,31.7333431,-101.7993987
PEMBROOK SUBSTATION,31.5670139,-101.8212611
SOUTH MIDLAND SUBSTATION,31.9544322,-102.014468
MIDKIFF SUBSTATION,31.6505333,-101.7587156
EAST MIDLAND SUBSTATION,32.0442563,-101.998488
KOCH SUBSTATION,32.4861067,-101.6566572
SALE RANCH SUBSTATION,32.2076665,-101.8996716
BUFFALO SUBSTATION,32.1074457,-101.8678711
TRIANGLE SUBSTATION,32.1281977,-101.8188746
GREENWOOD SUBSTATION,32.0247724,-101.911851
GRADY SUBSTATION,32.3074198,-101.9323776
ALAMOGORDO SUB,32.9095052,-105.9641367
BIG 3 SUBSTATION,31.8193478,-102.3451572
ODESSA SOUTHWEST SUBSTATION,31.7988654,-102.3913417
AMOCO SOUTH FOSTER SUBSTATION,31.8389352,-102.4388108
WESTOVER SUBSTATION,31.8359861,-102.443481
OLEFIN SUBSTATION,31.8273141,-102.3270897
REXENE NYLON SUBSTATION,31.8195559,-102.3348486
LIQUID AIR SUBSTATION,31.839637,-102.3351889
MIDLAND AIRPORT,31.9355958,-102.2296626
MIDESSA SUBSTATION,31.9670515,-102.1753115
MIDLAND DOWNTOWN SUBSTATION,31.9929536,-102.0770577
MIDLAND COUNTY NORTHWEST SUBSTATION,32.0373791,-102.2462565
MOCKINGBIRD SUBSTATION,32.0385162,-102.1758267
WINDWOOD SUBSTATION,32.0195923,-102.076488
GODDARD SUBSTATION,32.0360285,-102.1255203
TALL CITY SUBSTATION,32.0749884,-102.0900886
AMOCO MIDLAND FARMS SUBSTATION,32.1419774,-102.4248801
UNOCAL PARKER-BAKKE SUBSTATION,32.2615477,-102.590737
XTO UNIVERSITY SUBSTATION,32.1923944,-102.5700534
EMMA SUBSTATION,32.1537974,-102.5925736
OXY NORTH COWDEN SUBSTATION,32.006051,-102.5167698
NORTH COWDEN SUBSTATION,32.0068838,-102.4952624
ECTOR NORTH SUBSTATION,31.9947509,-102.5491701
ECTOR COUNTY ENERGY CENTER SUBSTATION,32.0699552,-102.5860335
GOLDSMITH SUBSTATION,31.9750049,-102.6365131
GOLDSMITH GULF SUBSTATION,31.9737185,-102.6360325
GOLDSMITH SOUTH SUBSTATION,31.9299526,-102.6148615
ODESSA BASIN SUBSTATION,31.8975699,-102.5668468
HOLT SWITCHING STATION,32.0637475,-102.5842088
TEXACO MABEE SUBSTATION,32.2094929,-102.2289797
FASKEN C RANCH SUBSTATION,32.1769405,-102.2688651
OXY SOUTH CURTIS RANCH SUBSTATION,32.1298452,-102.1596116
POLECAT CREEK SUBSTATION,31.9948111,-101.482213
SPRABERRY SUBSTATION,31.8431625,-101.9782694
REBEL SUBSTATION,31.9045088,-101.7154145
BIG SPRING AIR PARK SUBSTATION,32.2278474,-101.5137962
BIG SPRING WEST SUBSTATION,32.2433529,-101.5008586
STANTON WIND ENERGY SUBSTATION,32.211206,-101.8189829
STANTON SUBSTATION,32.1386772,-101.7965753
MARTIN CAP SUBSTATION,32.1401823,-101.793504
STANTON EAST SUBSTATION,32.1587051,-101.7579475
GETTY VEALMOOR SUBSTATION,32.4851243,-101.3616555
KNOTT SUBSTATION,32.4147236,-101.589653
BUZZARD DRAW SWITCHING STATION,32.4981478,-101.6771091
CHINA GROVE SWITCHING STATION,32.5234976,-100.8736782
WILLARD,34.6144478,-106.0613867
WILLARD SW,34.6095845,-106.0859589
ACKERLY SUBSTATION,32.5945604,-101.7879834
SOUTH LAMESA SUBSTATION,32.6901621,-101.9027111
GAIL SUBSTATION,32.6583351,-101.4588019
KEY SUBSTATION,32.6925023,-101.7893355
ANDREWS SUBSTATION,32.2931953,-102.6456891
DOLLARHIDE SUBSTATION,32.0819215,-102.8712548
NOTREES SWITCHING STATION,32.0768507,-102.8762999
PHILLIPS ANDREWS SUBSTATION,32.4091966,-102.8866113
EXXON FULLERTON SUBSTATION,32.4229895,-102.7974433
FRANKEL CITY SUBSTATION,32.3814548,-102.7819109
WHALEN LAKE SUBSTATION,32.3515492,-102.7364589
ARENA SUBSTATION,32.2236337,-102.6775362
ANDREWS COUNTY SOUTH SWITCHING STATION,32.1649304,-102.7773299
EXXON MEANS SUBSTATION,32.4327955,-102.5470668
BAKKE SUBSTATION,32.2917036,-102.5383428
MEANS SUBSTATION,32.4572518,-102.5556468
OXY WELCH SUBSTATION,32.8963912,-102.1377304
WELCH SUBSTATION,32.9023056,-102.1013174
WEST LAMESA SUBSTATION,32.7156636,-102.0602236
PATRICIA SUBSTATION,32.5498913,-102.0080729
MIDLAND FARMS SUBSTATION,32.145804,-102.4257957
SAN ANDRES SUBSTATION,32.1917511,-102.4975458
WINK SUBSTATION,31.7630253,-103.1445918
WINKLER COUNTY #6 SUBSTATION,31.6657262,-103.072484
AA PIPELINE SUBSTATION,31.764229,-103.1763229
KERMIT #2 SUBSTATION,31.8520577,-103.0960219
KEYSTONE SUBSTATION,31.8791814,-103.0809778
KERMIT #1 SUBSTATION,31.8483729,-103.0815778
WINK GULF SUBSTATION,31.788233,-103.1347902
WINK BASIN SUBSTATION,31.7903739,-103.1323261
CALIFORNIA SUBSTATION,31.7747435,-103.1306268
VEST SUBSTATION,31.7697444,-103.0352926
SANDRIDGE ENERGY SUBSTATION,31.8579328,-102.6481391
AMOCO THREE-BAR SUBSTATION,32.1450596,-102.8057824
UNOCAL DOLLARHIDE SUBSTATION,32.1463273,-103.0422361
CHEYENNE SUBSTATION,31.9346943,-103.0445254
BENT/MESCALERO SUB,33.1654502,-105.8273518
HELIOS SUBSTATION,29.2260649,-99.6997463
QUAKER SUBSTATION,33.4983401,-101.9056401
MONAHANS SUBSTATION,31.5942194,-102.8995656
WICKETT SUBSTATION,31.5754716,-103.0237623
NORTHWARD SUBSTATION,31.637343,-103.0721524
GOLDSMITH AMOCO SUBSTATION,31.9906577,-102.6531239
EDWARDS SUBSTATION,31.6441418,-102.5044617
SOUTHWESTERN PORTLAND  SUBSTATION,31.7469512,-102.5447723
JUDKINS SUBSTATION,31.7164484,-102.5971506
SANDHILLS SUBSTATION,31.5295607,-102.6719663
PERMIAN BASIN STATION,31.5839062,-102.9599712
EL MAR SUBSTATION,31.7880935,-103.6198699
ANDERSON RANCH POINT OF INTERCONNECTION,31.779905,-103.4822797
LOVING SUBSTATION,31.7759357,-103.4055499
OSAGE SUBSTATION,36.2992478,-96.4098992
SPADE RANCH SUBSTATION,31.9729064,-100.844022
CHANNING SUBSTATION,35.6888513,-102.3266766
TASCOSA SUBSTATION,35.5176583,-102.2548682
OSAGE SWITCHING STATION,35.1488033,-101.8122802
OWENS-CORNING SUBSTATION,35.1142475,-101.8593015
MANHATTAN SUBSTATION,35.1849532,-101.804628
HILLSIDE SUBSTATION,35.1463794,-101.9479586
NORTH AMARILLO SUBSTATION,35.250522,-101.8837286
ROLLING HILLS INTERCHANGE,35.2956616,-101.8409848
CLIFFSIDE SUBSTATION,35.3525431,-101.9908631
SPINNING SPUR 3 SUBSTATION,35.2971707,-102.7102965
FAIN SUBSTATION,35.5448534,-101.8664357
CANADIAN RIVER MUNICIPAL WATER AUTHORITY #3 SUBSTATION,35.5698385,-101.6025619
EXELL SUBSTATION,35.631082,-101.973432
WEST OROGRANDE SUB,32.405528,-106.1418638
OROGRANDE SUBSTATION,32.3710432,-106.0990838
STEEP HOLLOW SUBSTATION,30.6876742,-96.2694641
SPRING VALLEY SUBSTATION,31.3804249,-97.2786375
COTTON BELT SUBSTATION,31.427909,-97.3175104
BAYLOR SUBSTATION,31.5507975,-97.104283
TROY SUBSTATION,31.209694,-97.3075328
TEMPLE NORTHWEST SUBSTATION,31.1094059,-97.4023287
TEMPLE NORTH SUBSTATION,31.1341562,-97.3361704
MOFFAT SUBSTATION,31.2039518,-97.4375569
BOSQUE SUBSTATION,31.6858773,-97.3750445
CHINA SPRING SUBSTATION,31.6716612,-97.303375
PERRY SUBSTATION,31.4402385,-96.8762217
MEXIA SUBSTATION,31.6829671,-96.4863983
GROESBECK MAIN SUBSTATION,31.5211894,-96.5410211
BEN HUR SUBSTATION,31.5033655,-96.6868091
WINDSOR SUBSTATION,31.5078256,-97.3009708
CAYOTE SUBSTATION,31.8144658,-97.3964502
WACO M&M MARS 2 SUBSTATION,31.4870963,-97.1958207
WACO LASALLE SUBSTATION,31.54313,-97.071795
WACO SOUTH SUBSTATION,31.5260136,-97.1322703
WACO COLONIAL AVENUE SUBSTATION,31.547407,-97.1618184
NORTHCREST SUBSTATION,31.6425397,-97.0935971
WACO KATY SUBSTATION,31.5843259,-97.1000444
HALLSBURG SUBSTATION,31.5242687,-97.0056924
NAVARRO MILLS SUBSTATION,31.9588105,-96.686897
PRAIRIE HILL SUBSTATION,31.6521304,-96.7749659
EMMETT SUBSTATION,32.0213195,-96.8115827
PURDON SUBSTATION,31.9780158,-96.6419689
PULLMAN SUBSTATION,35.200231,-101.7062096
MURALES ROAD SUBSTATION,35.6959637,-105.9324018
SANTA FE SWITCHING STATION,31.3864422,-97.6299552
FORT GATES SUBSTATION,31.4146179,-97.7085431
KILLEEN CLARKE ROAD SUBSTATION,31.1103452,-97.8434238
KILLEEN CLEAR CREEK SUBSTATION,31.1100032,-97.8211028
KILLEEN FORT HOOD WEST SUBSTATION,31.1091172,-97.8128339
KILLEEN SOUTH SUBSTATION,31.0630382,-97.7684358
GATESVILLE SWITCHING STATION,31.3785319,-97.6217882
LEON JUNCTION SUBSTATION,31.3418103,-97.5837214
GATESVILLE ARMY SUBSTATION,31.3626466,-97.6890244
DING DONG SUBSTATION,30.9873708,-97.7666802
TRIMMER SUBSTATION,31.0078643,-97.6814637
KILLEEN FORT HOOD SUBSTATION,31.1325053,-97.7665219
NOLANVILLE SUBSTATION,31.0871073,-97.5449046
HARKER HEIGHTS SUBSTATION,31.0977527,-97.671813
KILLEEN TAFT STREET SUBSTATION,31.1012028,-97.7075975
TEMPLE SOUTH SUBSTATION,31.0766907,-97.3743721
MARAK SUBSTATION,30.8933672,-97.0490923
PANDA TEMPLE 1 SUBSTATION,31.0570663,-97.315088
PANDA TEMPLE 2 SUBSTATION,31.0575022,-97.31656
KNOB CREEK SWITCHING STATION,31.056312,-97.3127142
SILVER CITY SUBSTATION,30.9168845,-96.9275927
SLATON SUBSTATION,33.5348116,-101.8381379
MANOR SUBSTATION,30.3494801,-97.5092739
SWIFTEX SUBSTATION,30.2026251,-97.3126382
ELGIN SUBSTATION,30.334657,-97.3404969
HILLBIG SUBSTATION,30.0055599,-97.4044178
WYLDWOOD SUBSTATION,30.1309824,-97.473709
STONEY RIDGE SUBSTATION,30.1588713,-97.6356623
ELROY SUBSTATION,30.1412902,-97.6243427
DUNLAP SUBSTATION,30.2753841,-97.5397323
HARWELL SUBSTATION,33.5566213,-101.8432701
HUBER COGENERATION STATION,35.6676311,-101.4318245
ADOBE CREEK SUBSTATION,35.7600838,-101.018997
NOWHERE SUBSTATION,35.7516726,-100.815485
KITE SUBSTATION,35.5771216,-100.9813072
HIGHLAND PARK SUBSTATION,35.2524218,-101.6543698
GRAY COUNTY INTERCHANGE,35.5766923,-101.0427461
ROXANNA SUBSTATION,35.5900109,-101.1844383
DAMRON SUBSTATION,35.5722588,-101.1240353
PRINGLE INTERCHANGE,35.9948194,-101.3919929
PHILLIPS #1 SUBSTATION,35.698247,-101.367198
BURNETT SUBSTATION,35.5889416,-101.4106691
BLACKHAWK STATION,35.6951086,-101.3607982
PHILLIPS #2 SUBSTATION,35.6953975,-101.3752755
WEATHERLY SUBSTATION,35.6351299,-101.3988197
CANADIAN RIVER MUNICIPAL WATER AUTHORITY #22 SUBSTATION,35.6221859,-101.4412489
KINGSMILL INTERCHANGE,35.4956532,-101.0423974
ROCKY POINT SUBSTATION,35.7121453,-101.3575705
CANADIAN RIVER MUNICIPAL WATER AUTHORITY #1 SUBSTATION,35.7103096,-101.5463492
PANTEX SOUTH SUBSTATION,35.3055331,-101.5686831
TRANSPECTO SUBSTATION,35.6457107,-101.4275174
SID RICHARDSON COGENERATION STATION,35.664776,-101.4387338
BORGER WEST SUBSTATION,35.6757803,-101.4058654
SNEED SUBSTATION,35.8109359,-101.7016929
HERRING SUBSTATION,35.8288923,-101.549784
FRITCH RURAL SUBSTATION,35.6453676,-101.5585251
CANADIAN RIVER MUNICIPAL WATER AUTHORITY #2 SUBSTATION,35.6780571,-101.5496384
MIDSTREAM ENERGY SUBSTATION,35.5133747,-101.4054302
MIDSTREAM ENERGY TAP,35.4866197,-101.4043799
CANADIAN RIVER MUNICIPAL WATER AUTHORITY #4 SUBSTATION,35.3757274,-101.6835395
ASARCO SUBSTATION,35.2849021,-101.730834
LLANO ESTACADO WIND SUBSTATION,35.4865726,-101.2392382
CARSON COUNTY SUBSTATION,35.3827945,-101.5618908
MAJESTIC WIND SUBSTATION,35.3818645,-101.5389082
MARTIN SUBSTATION,35.3820925,-101.5403726
PANTEX NORTH SUBSTATION,35.3185904,-101.555438
CONWAY SUBSTATION,35.2511585,-101.3821804
YARNELL SUBSTATION,35.21423,-101.6116244
SPRING DRAW SUBSTATION,35.0509096,-101.9256194
ESTACADO SUBSTATION,35.1322141,-101.9048624
CROUSE HINDS SUBSTATION,35.1333303,-101.8565082
34TH STREET SUBSTATION,35.1773404,-101.8964986
FARMERS SUBSTATION,35.1337499,-101.8652161
WATERFIELD SUBSTATION,35.1178517,-102.0287332
BUSH SUBSTATION,35.2175969,-101.898281
TENNESSEE SUBSTATION,35.57975,-97.5518674
QUAIL CREEK SUBSTATION,35.5900197,-97.5857706
SILVER LAKE SUBSTATION,35.5734152,-97.6391685
PALO DURO WIND SUBSTATION,36.4106027,-101.004244
SPEARMAN CITY SUBSTATION,36.2045468,-101.1903191
TEXAS FARMS SUBSTATION,36.3395164,-100.9278106
SPEARMAN INTERCHANGE,36.2116372,-101.3192746
OCHILTREE INTERCHANGE,36.4088605,-100.8170875
DUMAS SOUTH SUBSTATION,35.8512829,-101.9742332
DUMAS HELIUM SUBSTATION,35.8193659,-102.0263623
FRISCO WIND FARM SUBSTATION,36.4961463,-101.5865338
SHERMAN COUNTY SUBSTATION,36.3571413,-102.0263008
EXELON WIND 4 SUBSTATION,36.3996123,-101.3877758
STOKES & SHELDON SUBSTATION,35.9085068,-101.8637232
HOGUE SUBSTATION,36.0262991,-102.3704238
BORDER SUBSTATION,35.2012149,-99.9299012
KELLY AVENUE SUBSTATION,35.5705191,-97.4966156
WHEELOCK SUBSTATION,33.5552522,-101.8787523
TULSA SUBSTATION,35.5272958,-97.5929286
HEFNER SUBSTATION,35.544868,-97.5927883
INDIANA SUBSTATION,33.613385,-101.8872652
PLANTERS SUBSTATION,33.5850498,-101.7832705
HETTLER SUBSTATION,33.6347925,-101.7664449
SHALLOWATER SUBSTATION,33.6934986,-101.9575072
WHITEHEAD SUBSTATION,33.7304638,-101.8719506
MONROE SUBSTATION,33.7370547,-101.8621289
NEW DEAL INTERCHANGE,33.7810422,-101.8622867
1442 S.E. LIBERTAD,31.6917497,-106.4523417
NORTHEAST SUBSTATION,33.6208897,-101.8022169
WADSWORTH SUBSTATION,33.5566935,-101.7992047
MASSENGALE STATION,33.6035251,-101.8421782
BRANDON STATION,33.5848937,-101.8865171
ERSKINE SUBSTATION,33.6065282,-101.8795228
POSEY SUBSTATION,33.4840973,-101.7099752
COOPER SUBSTATION,33.4614094,-101.8537347
FRENSHIP SUBSTATION,33.4474079,-102.009202
UPLAND SUBSTATION,33.5209404,-101.9736348
CARVER SUBSTATION,33.5644547,-101.8314771
GLOBE SUBSTATION,33.5637211,-101.8522924
AUBURN SUBSTATION,33.5994843,-101.8600366
IVORY SUBSTATION,33.527701,-101.8272578
ACCO SUBSTATION,33.5484067,-101.8066729
CLUTTER SUBSTATION,33.5594973,-101.833282
KNOXVILLE SUBSTATION,33.5636973,-101.8931949
WOODWARD SUBSTATION,33.4474956,-101.904666
YUMA INTERCHANGE,33.5347418,-101.9854936
CARLISLE SUBSTATION,33.5661799,-101.9876162
DOUD SUBSTATION,33.5565486,-101.9374524
STEPHENS RANCH WIND PROJECT II SUBSTATION,32.9826235,-101.6675455
ALUM CREEK SUBSTATION,30.065852,-97.2331286
CAMP SPRINGS WIND 2 SUBSTATION,32.7593053,-100.8235689
BRAND TAPPING STATION,32.7836249,-100.9450899
COGDELL SUBSTATION,32.9422541,-100.8866623
FLUVANNA SUBSTATION,32.859328,-101.1151431
OXY COGDELL SUBSTATION,32.9423439,-100.8864093
ENNIS CREEK SUBSTATION,32.8410497,-100.9239224
SNYDER WIND FARM SUBSTATION,32.7455936,-100.7574203
PLAINVIEW SUBSTATION,32.7332914,-100.8246298
SNTX SUBSTATION,32.7121231,-100.8613469
SUN SWITCHING STATION,32.748484,-100.9615989
GOLDEN SWITCHING STATION,32.7763875,-100.9451596
CAMP SPRINGS WIND 1 SUBSTATION,32.7596452,-100.82367
SCURRY SANTE FE SUBSTATION,32.6616897,-100.9636468
SCURRY SUBSTATION,32.6274067,-101.0503177
IRA SUBSTATION,32.5816152,-100.9754487
LAKE THOMAS SUBSTATION,32.5535448,-101.1383527
COLORADO BASIN SUBSTATION,32.5300571,-100.8364271
SACROC SUBSTATION,32.7423051,-100.9856803
KNAPP SUBSTATION,32.6915811,-101.0523786
ENNIS CREEK SWITCHING STATION,32.8401359,-100.9249763
SCURRY CHEVRON SUBSTATION,32.8127583,-100.9607922
SCURRY SWITCHING STATION,32.8711001,-100.9748439
RED CANYON WIND SUBSTATION,32.918845,-101.184657
BRAZOS WIND 1 SUBSTATION,32.9525989,-101.1295999
BRAZOS WIND 2 SUBSTATION,32.9389087,-101.315928
EXXON SHARON RIDGE SUBSTATION,32.629021,-101.1494917
BULL CREEK WIND SUBSTATION,32.9278991,-101.5842689
IATAN HOWARD SUBSTATION,32.2806092,-101.1870448
WESTBROOK SUBSTATION,32.3602236,-101.0144002
COAHOMA SUBSTATION,32.3038833,-101.3083467
OCOTILLO WIND SUBSTATION,32.1319887,-101.3938182
FORSAN SUBSTATION,32.0803533,-101.4167027
DRUMRIGHT SWITCHING STATION,32.0648042,-101.4085522
BIG SPRING CARBON SUBSTATION,32.2806518,-101.4088866
SALT CREEK #1 SUBSTATION,33.2289989,-100.8802801
SALT CREEK #2 SUBSTATION,33.231062,-100.8699225
SPUR SUBSTATION,33.4737594,-100.857231
MCADOO WIND ENERGY SUBSTATION,33.750418,-100.9915587
MILAGRO SUBSTATION,31.9016833,-106.4229938
KALGARY SUBSTATION,33.4091035,-101.1137575
SMS SUBSTATION,33.2896675,-100.9477811
AFTON SUBSTATION,33.7338394,-100.8418655
GLENN SUBSTATION,33.7339312,-100.8418664
ESPUELA SUBSTATION,33.5438904,-100.8970717
NORTH BENTON SUBSTATION,32.7092795,-93.7392899
HOPE SUBSTATION,33.621762,-93.7362295
TURKEY SUBSTATION,34.3916597,-100.8891595
FLOMOT SUBSTATION,34.2524224,-100.9897787
MULETA SUBSTATION,34.1051949,-100.872805
WHIRLWIND SUBSTATION,34.106131,-101.0984409
MATADOR SUBSTATION,34.0112867,-100.8318732
ROARING SPRINGS SUBSTATION,33.8973696,-100.8473349
HOPE NORTH SUBSTATION,33.7315032,-93.6216751
TURQUOISE TRAIL SUB,35.5910313,-106.0526234
SOUTH PACHECO SUB,35.6538074,-105.9572391
NORTH MINEOLA SUBSTATION,32.6890893,-95.4737273
SIMSBORO MAGNOLIA SUBSTATION,31.6734128,-96.3146548
PALMITO SUBSTATION,25.9845573,-97.3798889
LAGUNA SUBSTATION,27.648995,-97.2919754
ALAZAN SUBSTATION,27.5598557,-97.5022098
BARNEY DAVIS SUBSTATION,27.6077243,-97.313072
KETCH SUBSTATION,35.6681527,-97.5057229
CHISHOLM CREEK SUBSTATION,35.6379338,-97.5412049
HEARN ROAD SUBSTATION,27.8499274,-97.6108201
MAYO SUBSTATION,27.9094819,-97.4246969
GILA SUBSTATION,27.8197488,-97.4213144
NUECES BAY SUBSTATION,27.8209001,-97.4183686
AIR LIQUIDE SUBSTATION,27.8148983,-97.4779812
KEPLER SUBSTATION,27.8186367,-97.5047657
CANTWELL SUBSTATION,27.8114012,-97.4443703
HIGHWAY 9 SUBSTATION,27.7963975,-97.4458642
WEST OSO SUBSTATION,27.7662046,-97.4521276
JAVELINA SUBSTATION,27.8051322,-97.457036
CLARKWOOD SUBSTATION,27.8203134,-97.5353866
HEARN'S FERRY SUBSTATION,27.8322111,-97.5376703
VALERO EAST SUBSTATION,27.8149605,-97.4805697
VALERO WEST SUBSTATION,27.8150996,-97.4833203
KOCH UPRIVER SUBSTATION,27.827338,-97.5247135
CHAMPLIN - CITGO WEST SUBSTATION,27.8098993,-97.496753
HEREFORD SUBSTATION,34.8151015,-102.3946409
SKIDMORE SUBSTATION,28.2552108,-97.6763101
CHASE FIELD SUBSTATION,28.3805886,-97.6707754
CLAY WEST SUBSTATION,28.2510458,-98.198772
WEST GEORGE WEST SUBSTATION,28.2875854,-98.2127019
TYNAN SUBSTATION,28.1831975,-97.7722993
BEE PRISON SUBSTATION,28.3348247,-97.806112
GEORGE WEST SUBSTATION,28.3309133,-98.0732043
LOS ANGELES SUBSTATION,28.390901,-99.0011059
FOWLERTON SUBSTATION,28.3714601,-98.800778
GEORGE WEST SWITCHING STATION,28.4035514,-98.1940069
SIMMONS CITY SUBSTATION,28.4088878,-98.2058672
TILDEN SUBSTATION,28.4593869,-98.5185235
CHOKE CANYON PRISON SUBSTATION,28.441784,-98.3200116
CHOKE CANYON SUBSTATION,28.4535,-98.2802764
NORTH CALLIHAM SUBSTATION,28.5436067,-98.3411725
THREE RIVERS REFINERY SUBSTATION,28.458535,-98.1906903
SIGMOR SUBSTATION,28.4553414,-98.1868027
CHOATE SUBSTATION,28.8155136,-97.7406401
KENEDY SUBSTATION,28.8799309,-97.8324062
COY CITY SUBSTATION,28.8718579,-97.9939502
BERCLAIR SUBSTATION,28.4933013,-97.5985205
BEEVILLE SUBSTATION,28.4249497,-97.7978679
NORMANNA SUBSTATION,28.5335345,-97.7739926
TULETA SUBSTATION,28.5982273,-97.7885435
PETTUS SUBSTATION,28.6207008,-97.7953959
LYSSY SUBSTATION,28.8943977,-98.1200535
KARNES CITY SUBSTATION,28.8588949,-97.8786038
THREE RIVERS SUBSTATION,28.4809584,-98.1576005
SUNNILAND SUBSTATION,28.5813653,-98.2001489
ORANGE GROVE SUBSTATION,27.9199677,-97.9601644
CASA BLANCA SUBSTATION,27.998275,-97.9079939
ORANGE GROVE SWITCHING STATION,27.9189536,-97.9614131
CORPUS CHRISTI SUBSTATION,27.6885689,-97.5022167
ROBSTOWN SUBSTATION,27.7686133,-97.6361069
PAPALOTE CREEK WIND FARM SUBSTATION,27.9512542,-97.4259143
ROBSTOWN CITY SUBSTATION,27.8004448,-97.6617458
BANQUETE SUBSTATION,27.7968908,-97.7914207
ODEM SUBSTATION,27.9425339,-97.5737846
WATER WORKS SUBSTATION,27.8766178,-97.6251216
EDROY SUBSTATION,27.9754312,-97.6847104
SODVILLE SUBSTATION,27.9696673,-97.4728753
SMITH SUBSTATION,27.8678166,-97.6321521
STEVENS SUBSTATION,27.8601223,-97.6194419
ELK STATION SWITCHYARD,33.8662364,-101.8389744
SOUTH PLAINS WIND 2 SUBSTATION,34.1960402,-101.3816255
SOUTH PLAINS WIND 1 SUBSTATION,34.08052,-101.323853
WHITE RIVER SUBSTATION,34.0590348,-101.1794575
DRISCOLL SUBSTATION,27.6264645,-97.7409476
CORPUS CHRISTI SWITCH,27.710992,-97.6358621
KLEBERG SUBSTATION,27.4922344,-97.8551151
BUNSEN SUBSTATION,27.7616781,-97.818324
CELANESE BISHOP SUBSTATION,27.5605725,-97.8303562
KING RANCH GAS PLANT SUBSTATION,27.4692226,-98.0534068
KINGSVILLE SUBSTATION,27.530704,-97.8862268
BEN BOLT SUBSTATION,27.6874184,-98.0689192
ALICE SUBSTATION,27.7298352,-98.0874594
GOVERNMENT WELLS SUBSTATION,27.9331461,-98.6015945
GASLAND SUBSTATION,32.2496921,-102.8273885
ANDREWS COUNTY NORTHWEST SUBSTATION,32.4273775,-103.0586457
LUFKIN SUBSTATION,31.3579012,-94.7383162
CEDAR GAP SUBSTATION,32.3136168,-99.7528266
ELY SUBSTATION,32.4601356,-99.9287059
MERKEL SUBSTATION,32.4785045,-100.0051118
SCOTT SUBSTATION,32.4494014,-100.0750527
BUTMAN SUBSTATION,32.449401,-100.0739313
TRENT SUBSTATION,32.4927396,-100.1179747
FORT CHADBOURNE SUBSTATION,32.0170238,-100.2745218
OAK CREEK SWITCHING STATION,32.0467291,-100.292985
NICOLE SWITCHING STATION,32.0233164,-100.290365
WYLIE SUBSTATION,32.3681681,-99.7763999
ABILENE REBECCA LANE SUBSTATION,32.3944181,-99.7826959
ABILENE TWILIGHT TRAILS SUBSTATION,32.4173836,-99.787209
POTTER SUBSTATION,32.38704,-99.836815
MCELMURRAY 24.9 SUBSTATION,32.4659237,-100.1391493
MCELMURRAY SUBSTATION,32.465892,-100.1388486
LONESTAR CEMENT SUBSTATION,32.2465417,-100.4595898
FLINTKOTE SUBSTATION,32.4815128,-100.3388919
US GYPSUM SUBSTATION,32.4919259,-100.3630033
US GYPSUM SOUTH SUBSTATION,32.4890175,-100.3605702
SWEETWATER SUBSTATION,32.4571771,-100.4429334
NOLAN WEST SUBSTATION,32.2350752,-100.4538247
SWEETWATER CREEK SUBSTATION,32.2436344,-100.458884
TURKEY TRACK WIND SUBSTATION,32.2119828,-100.2564506
ABILENE ELM CREEK SUBSTATION,32.4580538,-99.7895292
ABILENE INDUSTRIAL PARK SUBSTATION,32.4651945,-99.8113581
ABILENE NORTHWEST SUBSTATION,32.5028,-99.7898766
SHARP SUBSTATION,32.3599958,-99.7547899
WALKER SUBSTATION,32.35839,-99.7002086
ABILENE SOUTH SUBSTATION,32.35902,-99.7512193
TRENT WIND FARM SUBSTATION,32.4495979,-100.2317823
SWEETWATER WIND 2 SUBSTATION,32.3309576,-100.3797708
ROSCOE SUBSTATION,32.4462357,-100.5410021
SWEETWATER DOWNTOWN SUBSTATION,32.4659932,-100.4097288
HAYNES SUBSTATION,32.4434317,-100.3973868
BRONTE ATLANTIC SUBSTATION,31.8218762,-100.3110153
SPENCE PUMP SUBSTATION,31.9505861,-100.5971847
BRONTE SUBSTATION,31.891341,-100.2933062
BRONTE AMBASSADOR SUBSTATION,31.8851258,-100.3973224
ROBERT LEE SUBSTATION,31.8921573,-100.4848365
EDITH SUBSTATION,31.9182637,-100.6111069
SILVER SUBSTATION,32.0704066,-100.678143
CEDAR HILL SWITCHING STATION,32.0144134,-100.7389611
PERKINS SUBSTATION,32.0061418,-100.7687233
EOLA SUBSTATION,31.4140228,-100.0898916
EDEN SUBSTATION,31.2157406,-99.8362262
COLORADO RIVER MUNICIPAL WATER DISTRICT #1 SUBSTATION,31.4914234,-99.6982762
PAINT ROCK SUBSTATION,31.5062491,-99.9180786
HAPPY VALLEY SUBSTATION,32.1431859,-100.0993131
BRADSHAW/CLIMAX SUBSTATION,32.0958731,-99.8799288
STEAMBOAT STATION,32.0925005,-99.8825663
WINTERS SUBSTATION,31.9709618,-99.9621537
HATCHELL SUBSTATION,31.8206806,-99.9563972
ROWENA SUBSTATION,31.6457258,-100.047268
HARRIETT SUBSTATION,31.5517319,-100.2581492
MILES SUBSTATION,31.5933401,-100.1781026
ELDORADO SHELL BAILEY SUBSTATION,30.8315742,-100.623076
MIDDLE VALLEY SUBSTATION,30.7579027,-100.3110565
PAGE FIELD SUBSTATION,30.7985235,-100.4642948
FORT MCKAVETT SUBSTATION,30.7473763,-100.2642264
ELDORADO SUBSTATION,30.8606983,-100.5966197
SONORA CITY SUBSTATION,30.5709749,-100.6442235
FREDONIA SUBSTATION,30.8946627,-99.1190717
PUNCHER SUBSTATION,30.5622978,-99.261792
MASON PHILLIPS SUBSTATION,30.5464874,-99.2691157
STREETER SUBSTATION,30.7637445,-99.4111276
SHELL LONDON SUBSTATION,30.6457155,-99.5928888
HORNET SUBSTATION,30.6870961,-99.8238196
MENARD PHILLIPS SUBSTATION,30.6830117,-99.8237915
JUNCTION SUBSTATION,30.4924069,-99.770646
CAMP SAN SABA SUBSTATION,30.9602689,-99.2816358
KATEMCY SUBSTATION,30.9596893,-99.2816902
BRADY SUBSTATION,31.1352252,-99.3415624
NORTH BRADY SUBSTATION,31.1555373,-99.3361972
MELVIN SUBSTATION,31.1963386,-99.5840111
SCHAFFNER SUBSTATION,31.2149558,-99.7542199
CINCINNATI SUBSTATION,30.8496157,-95.5191028
TOLEDO BEND SUBSTATION,31.1738501,-93.5646855
BELMONT SUBSTATION,31.7157181,-93.5071263
NOBLE SUBSTATION,31.6690238,-93.6937257
NEGREET SUBSTATION,31.472194,-93.5642457
MANSFIELD SUBSTATION,32.014808,-93.6720011
TINKER #5 SUBSTATION,35.4212959,-97.3750652
BULVERDE SUBSTATION,29.7319046,-98.4412182
BLOSSOM SUBSTATION,29.5464422,-98.4594137
KINGSTON SUBSTATION,32.192428,-93.7077389
BAYOU-PIERRE SUBSTATION,32.2886496,-93.6329019
INTERNATIONAL PAPER MANSFIELD SUBSTATION,32.1628293,-93.5564509
NORAM SUBSTATION,32.5745865,-93.919666
OIL CITY SUBSTATION,32.7505637,-93.9783793
SUPERIOR SUBSTATION,32.8188936,-93.9817855
PLAIN DEALING SUBSTATION,32.9006162,-93.706776
LINTON ROAD SUBSTATION,32.6971391,-93.7009825
DEEN POINT SUBSTATION,32.6292576,-93.6848377
HAUGHTON SUBSTATION,32.5253778,-93.5160102
BEAN SUBSTATION,32.3791341,-93.6388809
BENTELER SUBSTATION,32.3408138,-93.6069696
MCDADE SUBSTATION,32.366076,-93.5010488
CAPLIS SUBSTATION,32.3962607,-93.6105134
ORAL ROBERTS SUBSTATION,36.0415915,-95.9495442
LIEBERMAN 12 KV SUBSTATION,32.7054446,-93.9595451
LIEBERMAN 69 KV SUBSTATION,32.7052509,-93.9605089
CEDAR GROVE SUBSTATION,32.4509748,-93.7590986
SUMMER GROVE SUBSTATION,32.3911382,-93.8315142
MINDEN ROAD SUBSTATION,32.5171822,-93.7135696
BROADMOOR SUBSTATION,32.4798968,-93.7157111
BOSSIER CITY SUBSTATION,32.5179772,-93.7261539
SHED ROAD SUBSTATION,32.5299078,-93.7270274
GLASS RANCH SUBSTATION,32.1876377,-102.0087459
SOLARA SUBSTATION,33.0065718,-99.6054348
RANKIN SUBSTATION,31.2179139,-101.9374979
DISCOVERY CANYON SUBSTATION,30.8957087,-101.9349606
CACTUS TAPPING STATION,30.7877536,-101.8320475
IRAAN SUBSTATION,30.9104815,-101.8996602
MCCAMEY SHELL SUBSTATION,31.1333195,-102.1916599
SOUTH CROSS SUBSTATION,31.0484445,-102.276617
PECOS RIVER SUBSTATION,30.787156,-101.8181814
IRAAN AIR PRODUCTS SUBSTATION,30.912984,-101.9435521
MARATHON YATES SUBSTATION,30.9224125,-101.932457
SHEFFIELD SUBSTATION,30.7250666,-101.8154502
WEST YATES SUBSTATION,30.9492567,-101.9658185
MESA VIEW SUBSTATION,30.8977456,-101.9922593
DESERT SKY WIND SUBSTATION,30.9159585,-102.1096819
INDIAN MESA WIND SUBSTATION,30.9316711,-102.2017418
BOBCAT HILLS SUBSTATION,31.1050037,-102.2965739
INDIAN MESA SUBSTATION,30.9791274,-102.2713145
TUNAS CREEK SUBSTATION,30.9818273,-102.2754678
PEARL SUBSTATION,30.9822956,-102.2745462
SIRIUS SUBSTATION,30.9821054,-102.2740698
BOOTLEG SUBSTATION,30.994457,-102.2914862
WASHINGTON PARK SUBSTATION,35.4701414,-97.48976
SPRING BRANCH SUBSTATION,30.3332347,-95.6986059
INDEPENDENCE SUBSTATION,30.3157558,-96.4057653
CALDWELL INDUSTRIAL SUBSTATION,30.5271604,-96.7137504
TRIANGLE PARK SUBSTATION,30.7253746,-96.4491716
CARLOS SUBSTATION,30.5929156,-96.1000618
KURTEN SUBSTATION,30.7997729,-96.2928396
SPEEDWAY SUBSTATION,30.5419393,-96.216489
BRYAN SUBSTATION,30.7444576,-96.4096649
INDUSTRIAL PARK SUBSTATION,30.6560077,-96.4077765
NORTH SUBSTATION,30.6912024,-96.3944518
RATTLESNAKE DEN WIND SUBSTATION,31.7492684,-101.4663721
BOW WOOD SUBSTATION,31.4631111,-99.5485232
WAKE WIND WIND ENERGY SUBSTATION,33.8029149,-101.0697597
BRISCOE WIND FARM SUBSTATION,34.3925076,-101.314887
MARIAH DEL NORTE WIND SUBSTATION,34.686105,-102.6645684
COLBECK'S CORNER WIND FARM SUBSTATION,35.3354041,-101.1511732
KIRBY SWITCHING STATION,35.2556521,-100.9378315
JERICHO SUBSTATION,35.1837897,-100.9397445
SALT FORK WIND SUBSTATION,35.1638446,-100.9401515
CHILDRESS AMOCO SUBSTATION,34.4107117,-100.2822345
CAREY SUBSTATION,34.4700256,-100.3644918
ESTELLINE SUBSTATION,34.5454691,-100.4498545
CHILDRESS AIRPORT SUBSTATION,34.4328891,-100.2701129
RED RIVER SUBSTATION,34.6002192,-100.5179086
MEMPHIS SUBSTATION,34.7198005,-100.5337143
NORTHWEST MEMPHIS SUBSTATION,34.7400168,-100.5452025
HEDLEY SUBSTATION,34.8563421,-100.6635709
CLARENDON SUBSTATION,34.9257575,-100.865724
HOWARDWICK SUBSTATION,35.0480867,-100.901922
CHILLICOTHE SUBSTATION,34.2484964,-99.5098297
WEST CHILDRESS SUBSTATION,34.4194449,-100.2270493
CHILDRESS SUBSTATION,34.4208993,-100.2101536
KIRKLAND SUBSTATION,34.377595,-100.0664328
QUANAH ACME MILLS SUBSTATION,34.3225336,-99.8205818
QUANAH SUBSTATION,34.3015557,-99.7405859
HENRY SUBSTATION,34.430514,-100.2274439
CHILDRESS 20TH STREET SUBSTATION,34.435998,-100.224742
HARLINGEN SWITCHING STATION,26.2221971,-97.6982284
MCLEAN RURAL SUBSTATION,35.2121536,-100.5739365
HOLLIS SUBSTATION,34.6800192,-99.9119061
GRAYBACK SUBSTATION,33.9940449,-99.1674591
HARROLD SUBSTATION,34.042709,-99.0937444
LOCKETT SUBSTATION,34.0510911,-99.3753229
BENDIX SUBSTATION,34.1033282,-99.1126646
MIDESSA SOUTH SUBSTATION,31.8582129,-102.2159512
MIDLAND BASIN SUBSTATION,32.011276,-102.0096659
MIDLAND GULF SUBSTATION,32.0184888,-102.0251875
PLEASANT FARMS SUBSTATION,31.7397949,-102.3162419
PEGASUS SUBSTATION,31.7408179,-102.2131311
PEGASUS SOUTH SUBSTATION,31.6628889,-102.225064
CRANE EAST SUBSTATION,31.4331124,-102.13168
UPTON SUBSTATION,31.4384343,-101.8848864
REAGAN SHELL SUBSTATION,31.6335538,-101.7078476
MIDKIFF SWITCHING STATION,31.5208709,-101.8078636
GARDEN CITY SUBSTATION,31.8131285,-101.5261973
GARDEN CITY EAST SUBSTATION,31.8666349,-101.4689729
TEX HARVEY SUBSTATION,31.8544066,-101.7912087
BARNSLEY SUBSTATION,31.406269,-102.5978546
EXXON JUAN CORDONA SUBSTATION,31.325474,-102.5624608
CRANE COUNTY AIRPORT SUBSTATION,31.4256723,-102.3729417
DUNE FIELD SUBSTATION,31.5362276,-102.4361579
CRANE GULF SUBSTATION,31.4231666,-102.341356
CRANE ATLANTIC SUBSTATION,31.4319888,-102.4377071
TEXAS-NEW MEXICO PIPELINE SUBSTATION,31.4290394,-102.3802642
MCELROY SUBSTATION,31.4229337,-102.3156764
CRANE HUMBLE SUBSTATION,31.4287141,-102.3472168
GETTY SUBSTATION,31.4619971,-102.3517764
CRANE SUBSTATION,31.4108167,-102.3385192
ARCO SUBSTATION,31.440578,-102.4591402
SPUDDER FLAT SUBSTATION,31.2212494,-102.3125189
KING MOUNTAIN SOUTHWEST SUBSTATION,31.2214464,-102.2773363
KING MOUNTAIN NORTHWEST SUBSTATION,31.2526398,-102.2383862
KING MOUNTAIN NORTHEAST SUBSTATION,31.2744242,-102.1795982
KING MOUNTAIN SOUTHEAST SUBSTATION,31.2274527,-102.1330372
SAGE SUBSTATION,35.4137413,-97.5173233
WARD SWITCHING STATION,31.4503163,-102.8254956
MUSQUIZ SUBSTATION,31.2383707,-103.1582934
WAHA SUBSTATION,31.2935896,-103.1132143
COUNTY ROAD 101 SUBSTATION,31.2755399,-103.1066405
WOLF BONE RANCH SUBSTATION,31.238172,-103.216114
BARRILLA JUNCTION SUBSTATION,30.9472594,-103.3653624
HOVEY SUBSTATION,30.9526276,-103.3614053
SOLSTICE SUBSTATION,30.9483202,-103.3617143
NORTHERN NATURAL SUBSTATION,30.9951892,-102.9245822
WOLFCAMP SUBSTATION,31.1846696,-103.0353559
COYANOSA SUBSTATION,31.2629475,-102.9618195
ROYALTY SUBSTATION,31.3884764,-102.8694508
SARAGOSA SUBSTATION,31.0420207,-103.6530055
VERHALEN SUBSTATION,31.1445552,-103.5900515
KUNITZ SUBSTATION,31.7348475,-104.7490473
SALT CREEK WEST SUBSTATION,31.8098317,-104.0477535
ELCOR SUBSTATION,31.3543625,-104.3939667
CULBERSON SUBSTATION,31.7577803,-104.3046525
BLACK RIVER SUBSTATION,31.8337349,-104.2868873
SCREWBEAN SUBSTATION,31.8219595,-104.045949
ORLA SOUTHWEST SUBSTATION,31.8071993,-103.9308247
WORSHAM FIELD SUBSTATION,31.3561877,-103.3344306
COLLIE FIELD TAP,31.3826398,-103.4620137
COLLIE FIELD SUBSTATION,31.4146597,-103.4693901
QUITO DRAW SUBSTATION,31.3246916,-103.3382108
BIRDS OF PREY TAP,31.3780024,-103.4237293
BIRDS OF PREY SUBSTATION,31.3741027,-103.426795
PYOTE SUBSTATION,31.4506038,-103.0980024
STAFFORD BOULEVARD SUBSTATION,31.3999878,-103.4941519
BARRILLA DRAW SUBSTATION,31.2574365,-103.4307428
FLAT TOP SUBSTATION,31.1995472,-103.3595185
FAULKNER SUBSTATION,31.261031,-103.7931847
PECOS SUBSTATION,31.4295051,-103.4987029
IH 20 SUBSTATION,31.3998664,-103.4908509
REEVES COUNTY #4 SUBSTATION,31.3964504,-103.6256359
BONE SPRINGS SUBSTATION,31.5312576,-103.3556863
MI VIDA SUBSTATION,31.5152779,-103.4510308
BARSTOW NORTHWEST SUBSTATION,31.4973157,-103.4719492
COCHISE SUBSTATION,31.5139534,-103.4520694
BONE SPRINGS TAP,31.5446204,-103.4108055
LONESTAR SUBSTATION,31.5942755,-103.2484104
EAST HARRISON SUBSTATION,26.1914128,-97.6650736
OLEANDER SUBSTATION,26.2066613,-97.6645579
SUN VALLEY SUBSTATION,31.0952611,-102.5231031
PECOS VALLEY SUBSTATION,31.0966771,-102.7948518
GOMEZ SUBSTATION,31.0370002,-103.0245764
FORT STOCKTON PLANT SUBSTATION,30.9272681,-102.9551948
FORT STOCKTON SUBSTATION,30.8893728,-102.8840833
16TH STREET SUBSTATION,30.9004025,-102.8732426
WOODWARD WIND 1 SUBSTATION,30.9515757,-102.4809934
WOODWARD WIND 2 SUBSTATION,30.9800873,-102.4169553
TOMBSTONE SUBSTATION,31.0023866,-102.6790079
WHITE BAKER SUBSTATION,30.8853678,-102.4233843
LIGON SUBSTATION,30.8330141,-102.3723321
PATRIOT SUBSTATION,30.7554551,-102.4690906
KEO SUBSTATION,30.8184194,-102.3659149
CENTURY PLANT SUBSTATION,30.607472,-102.5808569
SANDERSON SUBSTATION,30.1420169,-102.4028883
ARMADILLO SUBSTATION,30.4617735,-102.4909675
PUCKETT TAP,30.5913104,-102.6028778
PUCKETT SUBSTATION,30.6296616,-102.5483452
NORTHERN NATURAL GAS SUBSTATION,30.6726565,-102.4938633
BELDING SUBSTATION,30.759643,-103.0681004
BRONCO SUBSTATION,30.4929532,-103.4537596
LASSO SUBSTATION,30.4650044,-103.4753293
ALTUDA SUBSTATION,30.2357894,-103.4380096
CONOCO SUBSTATION,30.6392413,-102.943661
PERSIMMON GAP SUBSTATION,29.7119088,-103.1174272
PAISANO CAMP SUBSTATION,30.3070088,-103.801701
FORT DAVIS SUBSTATION,30.5852055,-103.8985511
ESPY WELLS SUBSTATION,30.5224145,-103.9269196
KENNEDY PONDER TAP,30.4669983,-103.9485785
VALENTINE TAP,30.4145193,-103.9637915
BRYANT RANCH SUBSTATION,30.0252062,-104.1960064
ACACIA SUBSTATION,29.5929514,-104.334453
SHAFTER MINE SUBSTATION,29.8215525,-104.3249984
CHINATI SUBSTATION,29.9074156,-104.2761979
CINEGA SUBSTATION,30.0248334,-104.1966683
LONG LOOP SUBSTATION,30.8956049,-101.9919923
SANTA RITA SUBSTATION,31.2284929,-101.6560755
HOEFS ROAD SUBSTATION,31.0318066,-103.4584176
HARLINGEN #1 SUBSTATION,26.2067841,-97.7089589
BIG LAKE PHILLIPS PUMP SUBSTATION,31.0929954,-101.4680862
ESMERALDA SUBSTATION,30.9696017,-101.3094807
YUCCA SUBSTATION,30.9905365,-101.0773295
WOLFBERRY SUBSTATION,31.1094511,-101.3892783
STRAUSS RANCH SUBSTATION,31.0600838,-101.4610548
MIDWAY LANE SUBSTATION,30.9088505,-101.3787887
POWELL FIELD SUBSTATION,31.0224658,-101.5849539
SHELL POWELL SUBSTATION,31.1181932,-101.5704602
HUMBLE KEMPER EXXON SUBSTATION,31.1849944,-101.5357525
JERRY SUBSTATION,31.2299962,-101.2993888
HARGROVE SUBSTATION,31.3083107,-100.938971
PUMPJACK SUBSTATION,31.2973734,-101.0361695
MERTZON SUBSTATION,31.2597112,-100.8450737
TANKERSLEY SUBSTATION,31.3447399,-100.6404399
BARNHART SUBSTATION,31.2981785,-101.1623452
ROCK HOLLOW SUBSTATION,31.2294584,-101.2993007
KETCHUM MOUNTAIN SUBSTATION,31.2969386,-101.0360074
NEWTON T. BUSBY SUBSTATION,31.3078086,-100.9392129
DOSS SUBSTATION,30.4578773,-99.1308943
HARPER SUBSTATION,30.2989664,-99.2401443
GOEHMANN LANE SUBSTATION,30.2619557,-98.8433424
FREDERICKSBURG PHILLIPS SUBSTATION,30.4717694,-98.847293
HOLLMIG SUBSTATION,30.2523086,-98.8820286
LIVE OAK SUBSTATION,30.2658895,-98.8881897
WEST HARLINGEN SUBSTATION,26.1811,-97.7233183
KINGSLAND 1 SUBSTATION,30.6533522,-98.4518498
KINGSLAND 2 SUBSTATION,30.6791168,-98.4578573
BLUFFTON SUBSTATION,30.8260918,-98.4814222
BUCHANAN SUBSTATION,30.7355308,-98.4480934
SUNRISE BEACH SUBSTATION,30.5911454,-98.4436112
PITSBURG SUBSTATION,30.7663367,-98.67741
SANDSTONE MOUNTAIN SUBSTATION,30.7363364,-98.6107019
NEBO SUBSTATION,30.4388922,-98.7473126
LAKEWAY TAP,30.3777135,-97.9423974
MARBLE FALLS SUBSTATION,30.5551766,-98.2577588
STARCKE SUBSTATION,30.5522807,-98.2613616
FLATROCK SUBSTATION,30.5097954,-98.2059858
GRANITE MOUNTAIN SUBSTATION,30.5880273,-98.2937999
SHERWOOD SHORES SUBSTATION,30.6097591,-98.3799762
INKS DAM SUBSTATION,30.7314469,-98.3856505
CORONADO SUBSTATION,30.7500303,-98.4165757
FAIRLAND SUBSTATION,30.6452626,-98.2581387
BLEWETT SUBSTATION,29.2002387,-100.0378963
ANDICE SUBSTATION,30.7489665,-97.875798
BURNET SUBSTATION,30.7590923,-98.2374492
COPPERAS COVE EAST SUBSTATION,31.1119072,-97.8751867
COPPERAS COVE SUBSTATION,31.1132164,-97.9069937
LAMPASAS SUBSTATION,31.0845143,-98.1837127
KEMPNER SUBSTATION,31.0913408,-98.0539759
NARUNA SUBSTATION,31.0476489,-98.1908146
E. BABE SMITH SUBSTATION,30.9916097,-98.198205
DOBBYVILLE SUBSTATION,30.9525578,-98.2626321
GRAPHINE MINE SUBSTATION,30.8065774,-98.3532818
WHITING SUBSTATION,29.8397365,-100.7956837
DEVILS RIVER SUBSTATION,29.8394899,-100.7967421
LOMETA SUBSTATION,31.215333,-98.3907995
SAN SABA SUBSTATION,31.1919987,-98.690321
GOLDTHWAITE WIND SUBSTATION,31.4149539,-98.5118794
EVANT SUBSTATION,31.433615,-98.1731642
RICHLAND SPRINGS SUBSTATION,31.2953937,-98.9316371
TERRY SUBSTATION,31.2373432,-98.674595
SAN SABA SWITCHING SUBSTATION,31.2359234,-98.6717534
ZEPHYR SUBSTATION,31.7094614,-98.8616336
MERCERS GAP SWITCHING STATION,31.8177245,-98.6669523
CAMP BOWIE SUBSTATION,31.6361659,-98.9605308
BROWNWOOD SWITCHING STATION,31.6608375,-98.9204443
LOGAN'S GAP WIND SUBSTATION,31.8030627,-98.6943437
HUDSON SUBSTATION,31.3309197,-94.771558
CENTRAL ANGELINA SUBSTATION,31.4430973,-94.7797745
PROCTOR SUBSTATION,31.953069,-98.4671735
HASSE SUBSTATION,31.924459,-98.5040409
NOVICE SUBSTATION,31.9840284,-99.6692989
TALPA ATLANTIC SUBSTATION,31.7394269,-99.6422292
VALERA SUBSTATION,31.7582857,-99.5474607
GOULDBUSK SUBSTATION,31.5584564,-99.4579607
COLEMAN JUNCTION SUBSTATION,31.7443076,-99.4268935
LAKE IVIE BOOSTER SUBSTATION,31.8554108,-99.7879028
LAKE IVIE PUMP SUBSTATION,31.5778441,-99.7214696
COLEMAN SUBSTATION,31.8145429,-99.4040548
LAKE BROWNWOOD SUBSTATION,31.7664847,-99.0910679
BANGS SUBSTATION,31.733348,-99.127953
BLANKET SUBSTATION,31.8237593,-98.796169
BROWNWOOD SUBSTATION,31.7185695,-98.9741618
LUFKIN HILL STREET SUBSTATION,31.3491829,-94.7463962
DIBOLL SUBSTATION,31.1938068,-94.795496
WALNUT SPRINGS SWITCHING STATION,32.0692628,-97.7476982
ENERGY SUBSTATION,31.7426105,-98.3745875
CRANFILLS GAP SUBSTATION,31.7850257,-97.8167544
HICO SUBSTATION,31.980186,-98.0282525
HICO SWITCHING STATION,31.9574688,-97.8649405
VALLEY MILLS SUBSTATION,31.6544792,-97.4723792
HANDLEY SUBSTATION,31.7306412,-97.5523606
CLIFFTON 2 SUBSTATION,31.786783,-97.5908875
CLIFTON 1 SUBSTATION,31.786148,-97.5719478
GATESVILLE #1 SUBSTATION,31.438222,-97.7342652
GATESVILLE #2 SUBSTATION,31.4392035,-97.7464676
GATESVILLE SUBSTATION,31.503772,-97.7626376
PANCAKE SUBSTATION,31.5355829,-97.7977025
JONESBORO SUBSTATION,31.6151724,-97.8941742
INDIAN GAP SUBSTATION,31.6624945,-98.4189955
GUSTINE SUBSTATION,31.8180339,-98.3443154
PRYOR CREEK SUBSTATION,36.2476088,-95.3168587
FRIENDSHIP SUBSTATION,30.1668323,-97.9452067
BUDA SUBSTATION,30.0753952,-97.851129
GOFORTH SUBSTATION,29.9925656,-97.8415341
ROHR SUBSTATION,29.9355619,-97.8788751
HOLLY PLANT SWITCHYARD,30.2508982,-97.7196888
HARRIS SUBSTATION,30.2882635,-97.7325507
BULLICK HOLLOW SUBSTATION,30.4031954,-97.8569325
MCNEIL SUBSTATION,30.3929592,-97.6892898
DAFFAN GIN SUBSTATION,30.3096565,-97.6154059
PAIGE SUBSTATION,30.2144346,-97.1346902
BUTLER SUBSTATION,30.3894531,-97.3247387
SMITHVILLE SUBSTATION,30.0205298,-97.1579609
ROSANKY SUBSTATION,29.9292642,-97.3113316
POTRANCO SUBSTATION,29.4461583,-98.657434
BUCKHOLTS SUBSTATION,30.8505013,-97.1945171
TALBERT RIDGE SUBSTATION,30.6844802,-96.967993
ROCKDALE SUBSTATION,30.6710681,-97.0188899
ROCKDALE NORTH SUBSTATION,30.6729056,-97.0191693
SALTY SUBSTATION,30.5962787,-97.1326174
THORNDALE NORTH SUBSTATION,30.6200474,-97.2110929
ATKINS SUBSTATION,30.6466224,-96.3742315
BRIARCREST SUBSTATION,30.6567288,-96.3373081
STEELE STORE SUBSTATION,30.6395243,-96.53274
TEXAS A&M ANNEX SUBSTATION,30.651948,-96.4647736
HIGHWAY 6 SUBSTATION,30.4404773,-96.1311211
WELLBORN SWITCHING STATION,30.5008286,-96.2526716
MILLICAN SUBSTATION,30.4756794,-96.2159379
KOPPE BRIDGE SUBSTATION,30.5329126,-96.311192
SNOOK SUBSTATION,30.5365844,-96.4497755
DOWLING ROAD SUBSTATION,30.5857361,-96.3333817
SOUTHWOOD VALLEY SUBSTATION,30.5940142,-96.3104101
SINCLAIR HEARNE SUBSTATION,30.9399267,-96.5855381
CALVERT SUBSTATION,31.0084926,-96.8020353
TESCO TAP,30.7888491,-96.4750701
HUMBLE HEARNE SUBSTATION,30.8565452,-96.5701929
APL HEARNE SUBSTATION,30.8858932,-96.5211595
TEXAS HEARNE SUBSTATION,30.8629199,-96.5790691
PHILLIPS COAL SUBSTATION,31.096501,-96.6727631
BRANCHVILLE SUBSTATION,30.8733826,-96.769741
MILANO SUBSTATION,30.7635772,-96.8635274
FAYETTE PLANT #2 SUBSTATION,29.9135662,-96.7561472
LA GRANGE SUBSTATION,29.9327742,-96.8743392
PILOT GROVE SUBSTATION,29.3240497,-97.0881234
SWEET HOME SUBSTATION,29.3580448,-97.0413157
MONT SUBSTATION,29.4009892,-97.0090822
KOKERNUT SUBSTATION,29.4620296,-97.2692384
WEIMAR SUBSTATION,29.6836678,-96.783655
SCHULENBURG SUBSTATION,29.6723689,-96.9077719
PLUM SUBSTATION,29.9440691,-97.0120152
WINCHESTER POWER PARK SUBSTATION,30.0255218,-96.9949247
GILLETTE SUBSTATION,29.2327395,-97.7278532
LOST CREEK SUBSTATION,29.0679076,-97.3662781
FM 237 YORKTOWN SUBSTATION,28.9879692,-97.4809506
YORKTOWN SUBSTATION,28.9747466,-97.4986205
GAY HILL SUBSTATION,30.2711206,-96.4716547
LYONS SUBSTATION,30.3942918,-96.5733238
DEANVILLE SUBSTATION,30.427126,-96.8012996
WARDA SUBSTATION,30.050317,-96.9208608
FAYETTE RIVER PUMP SUBSTATION,29.8684473,-96.775424
FRELSBURG SUBSTATION,29.8357033,-96.6158979
ROUND TOP SUBSTATION,30.0778522,-96.7106026
SANDY HILL SUBSTATION,30.2779815,-96.3272757
KOSSE SUBSTATION,31.3038955,-96.5112155
OTTO JUNCTION SUBSTATION,31.3769412,-96.7813409
MARLIN SUBSTATION,31.3142307,-96.8944396
MARLIN SOUTH SUBSTATION,31.294471,-96.890515
MARLIN SOUTH TAP,31.2853939,-96.8800872
LOTT SUBSTATION,31.1988763,-97.0316905
PLEASANT GROVE SUBSTATION,31.1314562,-96.9030892
RICARDO SUBSTATION,27.4140541,-97.7764825
RIVIERA SUBSTATION,27.3320705,-97.7892183
LOYOLA SUBSTATION,27.3185166,-97.8101325
MARANA SWITCHYARD,27.1034382,-97.5296338
BAFFIN SUBSTATION,27.1840025,-97.5969359
NORTH ELLA SUBSTATION,27.5286625,-98.1124413
PREMONT SUBSTATION,27.3832569,-98.1260213
FALFURRIAS SUBSTATION,27.242329,-98.1420877
CRESTONIO SUBSTATION,27.3653856,-98.5978172
RIO BRAVO SUB,35.0278038,-106.6440328
LAS PULGAS SUBSTATION,26.460976,-97.7505799
THEPALM SUBSTATION,26.3449296,-97.6706063
TREES SUBSTATION,26.3215155,-97.5993594
RED FISH SUBSTATION,26.4760439,-97.6911236
CENTRAL AVENUE SUBSTATION,25.9538541,-97.4455255
SAN ROMAN WIND SUBSTATION,26.093009,-97.3864617
EAST RIO HONDO SUBSTATION,26.2275262,-97.5340353
CAMERON WIND SUBSTATION,26.1956414,-97.4672044
PAREDES SWITCHING STATION,26.195479,-97.4661791
MOORE FIELD SUBSTATION,26.3596379,-98.3153195
CITRUS CITY SUBSTATION,26.321078,-98.3513362
RED GATE SUBSTATION,26.4496784,-98.1771449
LOS MIRASOLES SUBSTATION,26.4926205,-98.4483093
MCCOOK 2 SUBSTATION,26.6202325,-98.3124125
MCCOOK 1 SUBSTATION,26.5756053,-98.1647139
FAYSVILLE SUBSTATION,26.4060021,-98.1402767
RACHAL SUBSTATION,26.8901417,-98.1638131
GOODWIN SUBSTATION,26.2452945,-98.4515718
LA GRULLA SUBSTATION,26.3065479,-98.6348737
GARCENO SUBSTATION,26.4110444,-98.9367546
ROMA SUBSTATION,26.4227133,-99.0217766
RIO GRANDE CITY SUBSTATION,26.3925821,-98.8193844
CONTINENTAL SUBSTATION,26.5150155,-98.6099155
NORTH MCALLEN SUBSTATION,26.24798,-98.2388041
MCCOLL ROAD SUBSTATION,26.3091069,-98.1941308
PALMHURST SUBSTATION,26.2719842,-98.2378944
WEST EDINBURG SUBSTATION,26.3174536,-98.2341168
ALTON SUBSTATION,26.2690922,-98.2928076
KEY SWITCHING STATION,26.2608569,-98.2972937
PALMVIEW SUBSTATION,26.2351913,-98.3663977
BATES SUBSTATION,26.221055,-98.3967708
FRONTERA SUBSTATION,26.2178945,-98.3971328
LAS MILPAS SUBSTATION,26.1392825,-98.1944664
STEWART ROAD SUBSTATION,26.1255231,-98.1538568
HI LINE SUBSTATION,26.1031852,-98.2139819
HIDALGO SUBSTATION,26.1117793,-98.2555173
WEST MCALLEN SUBSTATION,26.2013757,-98.2549463
SOUTH MCALLEN SUBSTATION,26.1605333,-98.25152
BENTSEN SUBSTATION,26.1507883,-98.2909885
SOUTH MISSION SUBSTATION,26.2091191,-98.3335622
RAILROAD DC TIE,26.1668026,-98.3236765
TAYLOR ROAD SUBSTATION,26.176495,-98.2808691
SHARYLAND SUBSTATION,26.2033457,-98.2843341
MAYBERRY SUBSTATION,26.1880057,-98.3214361
EL GATO SUBSTATION,26.1676938,-98.0977796
DOEDYNS SUBSTATION,26.214653,-98.1454907
SIOUX SUBSTATION,26.208212,-98.0577706
GANDY SUBSTATION,26.189527,-98.0081637
NORTH ALAMO SUBSTATION,26.2309945,-98.1134096
ALBERTA SWITCHING STATION,26.2503278,-98.1357331
VAL VERDE SUBSTATION,26.2340441,-98.0804375
WESLACO SWITCHING STATION,26.2295819,-98.0087946
ELSA SUBSTATION,26.2926968,-98.0103635
ADERHOLD SUBSTATION,26.3042127,-98.0837888
SOUTHEAST EDINBURG SUBSTATION,26.2881242,-98.1449845
AZTECA SUBSTATION,26.322729,-98.1618938
PHARR SUBSTATION,26.2373524,-98.1741199
POLK AVENUE SUBSTATION,26.206116,-98.1969395
HALL ACRES ROAD SUBSTATION,26.1681324,-98.205184
MERETT SUBSTATION,26.2706893,-98.1791113
SAN BENITO SUBSTATION,26.1438025,-97.6430012
HAINE DRIVE SUBSTATION,26.1671944,-97.6507857
LA PALMA 69 KV SUBSTATION,26.1422382,-97.6419133
RANGERVILLE SUBSTATION,26.0871834,-97.7856427
RIO RICO SUBSTATION,26.0917973,-97.9004901
WESMER SUBSTATION,26.13761,-97.942275
WESLACO UNIT SUBSTATION,26.1548394,-98.0082127
HEIDELBERG SUBSTATION,26.2284651,-97.8875945
WESLACO SUBSTATION,26.2326533,-97.9754506
SOUTH SANTA ROSA SUBSTATION,26.2312867,-97.8238619
NORTH MERCEDES SUBSTATION,26.230575,-97.9118492
NORTH WESLACO SUBSTATION,26.2296527,-97.9915326
WATERPORT SUBSTATION,25.9532521,-97.4126021
UNION CARBIDE SUBSTATION,25.9644968,-97.375534
COFFEE PORT SUBSTATION,25.9380369,-97.4262992
HIGHWAY 511 SUBSTATION,25.937539,-97.4081827
OLMITO SUBSTATION,26.0015288,-97.5198154
TITAN TIRE SUBSTATION,25.9946021,-97.4779405
LOMA ALTA SUBSTATION,25.9773229,-97.3844911
CAUSEWAY SUBSTATION,26.0728163,-97.2035308
PORT ISABEL SUBSTATION,26.0946955,-97.2996753
LAURELES SUBSTATION,26.1225981,-97.5472631
LOS FRESNOS SUBSTATION,26.0767803,-97.5232475
BROWNSVILLE SWITCHING STATION,25.9411293,-97.5328007
BROWNSVILLE SUBSTATION,25.9385153,-97.5049078
MILITARY HIGHWAY SUBSTATION,25.9368506,-97.5356934
LAREDO ROAD SUBSTATION,25.9409777,-97.5328373
VILLA CAVAZOS SUBSTATION,26.0219992,-97.5977188
SUBESTACION CHAMIZAL,31.7491898,-106.473932
SIXTH STREET SUBSTATION,25.9097779,-97.4976429
FORT BROWN SUBSTATION,25.8993568,-97.4681356
FILTER PLANT SUBSTATION,25.9253272,-97.4653411
SOUTHMOST SUBSTATION,25.8884313,-97.4249044
PRICE ROAD SUBSTATION,25.9345058,-97.4796605
FM 802 SUBSTATION,25.9509455,-97.4921144
POWER PLANT SUBSTATION,25.913567,-97.5224702
RAYMONDVILLE #2 SUBSTATION,26.4815795,-97.7521799
EAST RAYMONDVILLE SUBSTATION,26.467109,-97.7154304
LA SARA SUBSTATION,26.4512817,-97.8468366
RAYMONDVILLE #1 SUBSTATION,26.4375494,-97.7817808
ROCKPORT SUBSTATION,27.9775952,-97.1420783
SEAWALL SUBSTATION,27.8999332,-97.1453767
PORT ARANSAS SUBSTATION,27.8205667,-97.0719278
ARANSAS PASS SUBSTATION,27.9268503,-97.1817571
HOMEPORT SUBSTATION,27.8278738,-97.20955
INGLESIDE SUBSTATION,27.8721143,-97.2168423
INGLESIDE OXY SUBSTATION,27.8805388,-97.2417833
HECKER SUBSTATION,27.9048779,-97.2829086
INGLESIDE COGENERATION SWITCHYARD,27.8820279,-97.2466139
GREGORY SWITCHYARD,27.8889286,-97.2575287
DUPONT PP1 SUBSTATION,27.8803854,-97.24746
MCCAMPBELL SUBSTATION,27.9150839,-97.2686403
GREGORY SUBSTATION,27.9232997,-97.3092544
PORTLAND SUBSTATION,27.8878114,-97.3224165
WEST SINTON SUBSTATION,28.0265228,-97.6424242
WEST SINTON SWITCHING STATION,27.9983911,-97.6474907
BONNIEVIEW SUBSTATION,28.1845564,-97.3135833
MEDIO CREEK SUBSTATION,28.2534228,-97.3399067
HAISLEY SUBSTATION,28.0949434,-97.4936
REFUGIO SUBSTATION,28.349435,-97.3449358
TATTON SUBSTATION,28.2095445,-96.9899938
HEARD SUBSTATION,28.2790507,-97.2965985
WOODSBORO SUBSTATION,28.2348886,-97.2940298
WESER SUBSTATION,28.831949,-97.3675984
CHARCO SUBSTATION,28.7535721,-97.6164701
SCHROEDER SUBSTATION,28.8224039,-97.2239582
BIG OAK SUBSTATION,28.5587392,-97.641889
GOLIAD SUBSTATION,28.6621834,-97.3838348
ALOE SUBSTATION,28.7803035,-97.0703222
AIRCO SUBSTATION,28.5098979,-96.7959532
GRETA SUBSTATION,28.3820951,-97.1924354
WARBURTON SUBSTATION,28.5983135,-97.0474449
MCFADDEN SUBSTATION,28.5549951,-97.0584897
PLACEDO SUBSTATION,28.6687797,-96.859755
FORMOSA PLASTICS CFB SUBSTATION,28.6512472,-96.540011
KAMEY SUBSTATION,28.6562954,-96.7533338
POINT COMFORT SUBSTATION,28.6738099,-96.5581529
WEAVER ROAD SUBSTATION,28.7015958,-96.9486161
BIG THREE SUBSTATION,28.6513803,-96.9140266
PORT O'CONNOR SUBSTATION,28.4311979,-96.4630265
SEADRIFT SUBSTATION,28.4166938,-96.667762
TWIN PINES SWITCHING STATION,28.8547601,-96.9708011
LONE TREE SUBSTATION,28.8005956,-96.8831346
NORTH VICTORIA SUBSTATION,28.8070816,-96.9834428
LEARY LANE SUBSTATION,28.8429117,-96.9791915
FOSTER FIELD SUBSTATION,28.8195062,-96.9296872
TWIN PINES SUBSTATION,28.8462058,-96.9731991
MAGRUDER SUBSTATION,28.8412473,-97.009854
VICTORIA SWITCHING STATION,28.7867023,-97.0104967
VAN HUMBLE SUBSTATION,28.8038306,-96.630677
ETP SUBSTATION,29.1082424,-96.5360227
CORDELE SUBSTATION,29.0780313,-96.5541101
LOUISE SUBSTATION,29.1045678,-96.4540463
EL TORO SWITCHING STATION,28.960804,-96.7262671
EL TORO SUBSTATION,28.9602338,-96.7084765
INEZ SUBSTATION,28.9086505,-96.8039413
FORDTRAN SUBSTATION,29.1051321,-97.0221122
NUSERY SUBSTATION,28.9226287,-97.0964726
CELANESE BAY CITY SUBSTATION,28.8679442,-96.0155965
TIN TOP SUBSTATION,28.7724093,-96.1254199
OLIVIA SUBSTATION,28.6890742,-96.4530061
SOUTH TEXAS PROJECT PUMP SUBSTATION,28.7753169,-95.9981796
DANEVANG SUBSTATION,29.0647396,-96.1923266
MIDFIELD WEST SUBSTATION,29.0130942,-96.2569459
RED BLUFF SUBSTATION,28.8863974,-96.5248784
TENARIS SUBSTATION,28.9930882,-95.9120064
BAY CITY PUMP SUBSTATION,28.9797729,-96.0118898
MAGILL SUBSTATION,29.0123491,-95.9693286
LANE CITY PUMP SUBSTATION,29.1933412,-96.0716946
ROUND MOTT SUBSTATION,29.230076,-96.4171991
PAINVIEW SUBSTATION,29.1439097,-96.2272631
RICEBIRD SUBSTATION,29.2339415,-96.2784708
VAN VLECK SUBSTATION,29.0192046,-95.8975775
CLEMVILLE SUBSTATION,28.9978044,-96.1505728
CLEMVILLE SOUTH SUBSTATION,28.9834084,-96.1430773
SALT DOME SUBSTATION,28.9934413,-96.1417347
TRES PALACIOUS SUBSTATION,29.0010833,-96.1409075
CLEMVILLE NORTH SUBSTATION,29.0108674,-96.1331573
CLEMVILLE SWITCHING STATION,29.0279422,-96.1334613
HUGO SUBSTATION,34.0191303,-95.3124576
RAINY CREEK SUBSTATION,32.5023025,-99.7008545
ABILENE AILEEN SUBSTATION,32.4886637,-99.7002004
WALNUT STREET SUBSTATION,32.4735191,-99.7295682
VOGEL STREET SUBSTATION,32.4790518,-99.7586247
MAPLE STREET SUBSTATION,32.4041606,-99.7257068
ELMDALE SUBSTATION,32.4348783,-99.6392169
ABILENE EAST SWITCHING STATION,32.4533109,-99.6980186
ABILENE EAST SUBSTATION,32.4527876,-99.699777
COUNTRY CLUB SUBSTATION,32.4021549,-99.7430436
OVER STREET SUBSTATION,32.4180124,-99.7567532
ABILENE MCMURRY SUBSTATION,32.432,-99.7529302
SHELTON STREET SUBSTATION,32.4527203,-99.7544229
HARTFORD STREET SUBSTATION,32.4336634,-99.7853027
DYESS AIR FORCE BASE #1 SUBSTATION,32.4378683,-99.8448461
DYESS AIR FORCE BASE #2 SUBSTATION,32.414513,-99.8350447
DYESS AIR FORCE BASE #3 SUBSTATION,32.417468,-99.8189874
WEST LAS VEGAS SUBSTATION,35.5902186,-105.2366737
ABILENE OIL MILL SUBSTATION,32.4393315,-99.7280318
VINSON STATION,32.3595266,-99.7000027
WEST TEXAS GULF SUBSTATION,32.3879081,-99.7174274
CHURCH SUBSTATION,32.3671438,-99.5255088
ESTES STATION,32.3658655,-99.5256373
POTOSI SUBSTATION,32.3290469,-99.6230875
HOLDER SUBSTATION,31.9135118,-98.9784928
RISING STAR SUBSTATION,32.0944531,-98.9727017
CROSS PLAINS SUBSTATION,32.1218043,-99.1687276
DRESSEY SUBSTATION,32.1057246,-99.2279208
PADUCAH SOUTH SUBSTATION,33.9802512,-100.3269511
PADUCAH CITY SUBSTATION,34.0146962,-100.2993742
PADUCAH CLARE STREET SUBSTATION,34.0051885,-100.2992757
ANSON SUBSTATION,32.7583522,-99.8912778
HAWLEY HUMBLE-EXXON SUBSTATION,32.6316803,-99.8092171
DELK SUBSTATION,32.5802714,-99.7667851
NUGENT SUBSTATION,32.6937158,-99.6748451
CALIFORNIA CREEK SUBSTATION,33.0721023,-99.5569829
ABILENE ONYX SUBSTATION,32.5468883,-99.7708742
HUBBARD BOOSTER #1 SUBSTATION,32.6588503,-99.4117594
FORT PHANTOM CLEAR FORK PUMP SUBSTATION,32.6105806,-99.6915851
FORT PHANTOM EAST PUMP SUBSTATION,32.5965072,-99.6802494
ROBERTS PRISON SUBSTATION,32.5545626,-99.6397236
FORT PHANTOM SWITCHYARD,32.5826099,-99.6823378
NEAS SUBSTATION,32.5322354,-99.6882359
HORTON SUBSTATION,32.5325845,-99.686367
MESQUITE SUBSTATION,32.6287758,-99.54042
NIMROD SUBSTATION,32.2717751,-99.0106737
WRIGHT SUBSTATION,32.2629217,-98.1910947
NORFORK SUBSTATION,32.2431282,-98.2236262
CARLTON SUBSTATION,31.9835266,-98.1902108
MOUNTARY SUBSTATION,32.075523,-98.4318283
DOWNING SUBSTATION,32.0209572,-98.5517548
STEPHENVILLE SUBSTATION,32.2051794,-98.2328452
SELDEN SUBSTATION,32.1867705,-98.1572759
JOHNSVILLE SUBSTATION,32.1218502,-97.9455339
HUBBARD BOOSTER #2 SUBSTATION,32.7122559,-99.2246444
ALBANY SUBSTATION,32.72364,-99.2926454
ALBANY FOUNDRY SUBSTATION,32.6653858,-99.2348176
MORAN SUBSTATION,32.5463523,-99.163375
PUTNAM SUBSTATION,32.3719297,-99.2015185
BAIRD CITY SUBSTATION,32.4093367,-99.3866208
PUTNAM SWITCHING STATION,32.3836909,-99.1940317
CLYDE SUBSTATION,32.4156708,-99.5044195
DENTON VALLEY SUBSTATION,32.2575524,-99.5394519
CLYDE MAGNOLIA STATION,32.3579476,-99.5895385
MCADAMS SUBSTATION,33.9838936,-100.0257894
CROWELL SUBSTATION,33.9822943,-99.7227764
COPPER BREAKS SUBSTATION,34.1616614,-99.7386815
THROCKMORTON WOODSON OIL SUBSTATION,33.2208562,-99.2330107
TRUSCOTT HUMBLE SUBSTATION,33.7701448,-100.0479314
BENJAMIN SUBSTATION,33.5845785,-99.8009689
TRUSCOTT CITY SUBSTATION,33.7487305,-99.8101996
WEINERT SUBSTATION,33.32454,-99.6710169
BUSH KNOB SUBSTATION,33.1052988,-99.1786592
THROCKMORTON SUBSTATION,33.1784206,-99.1785983
VERTIGO WIND SUBSTATION,33.6446357,-99.4213944
FOXTAIL SWITCHING STATION,33.6463144,-99.420794
BAKER RANCH SUBSTATION,33.3698743,-99.5891474
CORINTH SUBSTATION,32.8550978,-99.8687297
STAMFORD SUBSTATION,32.9438765,-99.8095104
JOSSELETT SUBSTATION,33.2587523,-99.6959748
HASKELL TEXAS PIPELINE SUBSTATION,33.2901526,-99.6069279
ASPERMONT SUBSTATION,33.1395697,-100.2262434
SWENSON SUBSTATION,33.1826238,-100.3117072
PEACOCK SUBSTATION,33.1763612,-100.3915217
JAYTON SUBSTATION,33.2709129,-100.6264069
GIRARD SUBSTATION,33.359759,-100.664802
CLAIREMONT SUBSTATION,33.2065035,-100.8673716
WOLFGANG SWITCHING STATION,33.0031454,-100.5260512
MOZART SUBSTATION,32.9942365,-100.5316381
ROTAN SUBSTATION,32.8391979,-100.4538066
ROBY SUBSTATION,32.7486564,-100.3778314
LONGWORTH SUBSTATION,32.6718767,-100.3583579
HAMLIN TEXAS PIPELINE SUBSTATION,32.9351384,-100.2277818
ASPERMONT CONTINENTAL OIL SUBSTATION,33.0886567,-100.1962584
HAMLIN SHELL PUMP SUBSTATION,32.973239,-100.1549071
HAMLIN SUBSTATION,32.8923611,-100.0986327
HAMLIN PLASTERCO SUBSTATION,32.8376012,-100.1840258
RULE SUBSTATION,33.1892507,-99.8899411
KNOX CITY SUBSTATION,33.422314,-99.8187602
POINTER SWITCHING STATION,33.4036389,-99.8333945
ROCHESTER SUBSTATION,33.3171025,-99.8567827
BISSETT SUBSTATION,33.3516818,-100.2099813
KATZ SUBSTATION,33.3972257,-100.0103621
KNOX SUBSTATION,33.3889313,-99.8914482
BERNARDO SUBSTATION,29.7541013,-96.3991754
SKY GLOBAL POWER ONE SUBSTATION,29.5502847,-96.5384744
ROCK ISLAND SUBSTATION,29.5500646,-96.5379057
SHERIDAN SUBSTATION,29.4972118,-96.6665519
COLORADO SUBSTATION,29.4671681,-96.6198048
GARWOOD IDEAL SUBSTATION,29.4949248,-96.4533066
PIONEER SUBSTATION,29.5048468,-96.4596284
GARWOOD PUMP SUBSTATION,29.5156832,-96.4090011
B&B GRAVEL SUBSTATION,29.52016,-96.4161571
GARWOOD RELIFT SUBSTATION,29.514419,-96.4652144
GARWOOD LONE STAR SUBSTATION,29.4196771,-96.3464978
EAGLE LAKE SUBSTATION,29.5800614,-96.332731
PRAIRIE PUMP SUBSTATION,29.6023569,-96.3784897
GARWOOD CITY SUBSTATION,29.4477878,-96.3919106
MATTHEWS SUBSTATION,29.5068446,-96.3326957
LAKESIDE PUMP SUBSTATION,29.5591819,-96.3347237
COLUMBUS SUBSTATION,29.6983763,-96.5428302
STAFFORD HILL SUBSTATION,29.6498498,-96.5156802
RIVERSIDE PUMP SUBSTATION,29.5701935,-96.4017964
ALTAIR SUBSTATION,29.5642646,-96.4624592
NADA SUBSTATION,29.3920652,-96.3870401
TEXAS GULF SULFUR SUBSTATION,29.2637946,-95.9005593
CANEY CREEK SUBSTATION,29.3247025,-96.1186196
COLORADO BEND SUBSTATION,29.2891463,-96.0689187
COLORADO BEND 2 SUBSTATION,29.2876288,-96.0646382
BAILEY SUBSTATION,29.1853812,-95.9921528
SEADOC SUBSTATION,28.9521878,-95.4346483
SEAWAY SUBSTATION,28.9488206,-95.4327263
FRANKLINS CAMP SUBSTATION,28.928147,-95.5639012
SARGENT SUBSTATION,28.8721361,-95.6677615
CAMDEN SUBSTATION,28.9881323,-95.3573917
EINSTEIN SUBSTATION,31.7695945,-101.520607
ENDEAVOR SUBSTATION,31.8172045,-101.9755564
PRONGHORN SUBSTATION,31.8177202,-101.9732596
BLUE ACRE SUBSTATION,31.9580009,-101.9263811
MCKINNEY STREET SUBSTATION,33.2136275,-97.1027909
RETRIEVE SUBSTATION,29.099849,-95.4927732
COPPER SUBSTATION,29.0067586,-95.4051272
BASF SUBSTATION,29.0016876,-95.3966161
CORTEZ SUBSTATION,28.9248602,-95.3240058
QUINTANA SUBSTATION,28.9322478,-95.3178323
MARINE SUBSTATION,28.9335033,-95.3397027
SINTEK SUBSTATION,28.992286,-95.3573858
BOOSTER SUBSTATION,28.9628582,-95.3917232
JONES CREEK SUBSTATION,28.9575768,-95.3809992
NE 10TH SUBSTATION,35.4790469,-97.3831789
GORMAN SUBSTATION,32.2216562,-98.6601806
DE LEON SUBSTATION,32.1179773,-98.5350876
DE LEON MAGNOLIA SUBSTATION,32.0724123,-98.4698672
LEON SWITCHING STATION,32.3739509,-98.7688186
LEON EBAA SUBSTATION,32.3728527,-98.7690956
FLAT CREEK SWITCHING STATION,32.2652303,-98.474548
SILVER STAR WIND SUBSTATION,32.3310759,-98.4657718
LINGLEVILLE SUBSTATION,32.2608135,-98.4683601
SUBESTACIÓN PARQUE INDUSTRIAL ESCOBEDO,25.8059986,-100.347432
MILLEN SUBSTATION,32.7553812,-103.1618474
ACERO,26.9082389,-101.4573576
PARAGON SUBSTATION,35.3106339,-96.4230913
WEWOKA SUBSTATION,35.2224504,-96.5287214
CROSSROADS WIND SUBSTATION,36.0747975,-98.7597413
MATTHEWSON SUBSTATION,35.7280878,-97.7924408
MINGO AIRPORT ROAD SUBSTATION,36.1993529,-95.8695608
MEADOWLAKE SUB,34.7968592,-106.6718441
EL CERRO SUB,34.7749701,-106.6783715
FORRESTON SUBSTATION,32.2555506,-96.864552
BLACKWATER HVDC TIE,34.3007756,-103.1752512
CLEAR LAKE SUBSTATION,29.6083655,-95.1264846
DIEKEMPER SUBSTATION,33.2187802,-101.4077977
GRAHAM INTERCHANGE,33.1866604,-101.4080492
CORONA,28.5787452,-100.6057297
HOLOX SUBSTATION,33.6447627,-94.1061012
HUNTINGTON SUBSTATION,31.2689001,-94.5742708
LONE OAK SUBSTATION,35.6391384,-97.5913659
NACOGDOCHES NORTH SUBSTATION,31.6516577,-94.6542083
PRYOR JUNCTION SUBSTATION,36.3210828,-95.2483838
SECURITY SUBSTATION,30.3221402,-95.2948301
JAYHAWKER CREEK COMPANY SUBSTATION,30.3223272,-95.1587741
MALLARD SUBSTATION,30.2659765,-95.3518515
FOREST SUBSTATION,30.2061323,-95.4474475
CRYSTAL SUBSTATION,30.3211996,-95.3871288
SHEAWILL SUBSTATION,30.4255868,-95.4539173
PEACH CREEK SUBSTATION,30.4158749,-95.3281169
LNG SUBSTATION,30.444083,-95.5221358
LEWIS CREEK 230 KV SUBSTATION,30.4400829,-95.5201153
LACON SUBSTATION,30.4378417,-95.5224628
LONGMIRE SUBSTATION,30.3369936,-95.5077728
WOODHAVEN SUBSTATION,30.3194823,-95.5562009
PANORAMA SUBSTATION,30.37466,-95.51753
EGYPT SUBSTATION,30.392221,-95.5150723
PONDEROSA SUBSTATION,30.299273,-95.4927416
DEER LAKE SUBSTATION,30.3114361,-95.6253454
SANDY SUBSTATION,30.597507,-95.7272219
SPRINGWOOD SUBSTATION,30.0862038,-95.4403822
MARCONI SUBSTATION,26.0921204,-97.3971221
KLEMP SUBSTATION,30.0336939,-94.9084105
EXPOSAIC SUBSTATION,30.0365077,-94.908711
ROLKE ROAD SUBSTATION,30.0319893,-94.8980345
HUFFMAN SUBSTATION,30.1040963,-94.9955365
EASTGATE SUBSTATION,30.050536,-95.0132293
JOHNSTOWN SUBSTATION,30.2148874,-95.2870343
FACEBOOK DATA CENTER,32.9856855,-97.2617114
AMELIA NORTH SUBSTATION,30.0792196,-94.2346465
NEW LONG JOHN SUBSTATION,30.1200144,-94.9254239
TARKINGTON SUBSTATION,30.2390473,-94.9711673
SPLENDORA SUBSTATION,30.218849,-95.1388694
CLEVELAND SUBSTATION,30.3290916,-95.0862019
BATISTE CREEK SUBSTATION,30.2328245,-94.6816443
CHINA SUBSTATION,30.0452218,-94.3740143
PETRY WOODS SUBSTATION,30.0103015,-94.485369
DEVERS MARSH SUBSTATION,29.9727159,-94.5800512
LAMESA SOLAR SUBSTATION,32.7195007,-101.9362299
RIGGINS SUBSTATION,31.0543937,-102.8510042
UPTON COUNTY SOLAR 2 SUBSTATION,31.254196,-102.2961628
UPTON COUNTY SOLAR 1 SUBSTATION,31.248928,-102.288895
CASTILLO SUBSTATION,31.2537414,-102.3061815
DERMOTT WIND SUBSTATION,32.8638347,-101.0096822
FLUVANNA WIND 1 SUBSTATION,32.8860839,-101.0946317
SANTA CRUZ SUBSTATION,27.5889935,-97.534765
BRUENNING'S BREEZE SUBSTATION,26.5221611,-97.6553739
GREEN PASTURES WIND SUBSTATION,33.6445517,-99.4207873
BAYLOR SWITCHING STATION,33.6890496,-99.0472514
SEYMOUR BASIN SUBSTATION,33.5973786,-99.0393939
LAKE KEMP SUBSTATION,33.742389,-99.1433442
BOMARTON SUBSTATION,33.5111099,-99.4285181
NEW BARKSDALE SUBSTATION,29.7655428,-100.0791856
MACEDONIA SUBSTATION,30.1597039,-95.8099064
QUANEX SUBSTATION,29.9020816,-96.2124742
PRAIRIE VIEW SUBSTATION,30.0848974,-95.9824366
ARCOLA SUBSTATION,29.4890562,-95.4665311
DOW PUMP SUBSTATION,29.0532155,-95.5520019
TEXAS PIPELINE SUBSTATION,29.1457959,-95.6746616
FM 524 SUBSTATION,29.0643135,-95.7351935
HILCORP SUBSTATION,29.0455961,-95.7453669
MEADOW SUBSTATION,29.4602364,-95.2579808
FRY ROAD SUBSTATION,29.9126797,-95.7244222
SOUTH SHORE SUBSTATION,29.5152782,-95.0424671
BUTLER ROAD SUBSTATION,29.4889077,-95.1094308
P. H. ROBINSON PEAKER SUBSTATION,29.4916048,-94.9844576
MARATHON PIPELINE SUBSTATION,29.368477,-94.9410979
LIQUID CARBONICS SUBSTATION,29.3665884,-94.9405898
PRAXAIR SUBSTATION,29.3678646,-94.9472041
INTERCITY SUBSTATION,29.3794175,-94.9533182
CARBIDE SUBSTATION,29.3716762,-94.949447
TEXAS CITY WATER SUBSTATION,29.3865328,-94.9560366
GRANT AVENUE SUBSTATION,29.362673,-94.9392403
MARATHON OIL SUBSTATION,29.3756829,-94.9049973
BAYVIEW SUBSTATION,29.3676648,-94.9012546
GENOA SUBSTATION,29.6227473,-95.1177688
MCCABE SUBSTATION,29.6432279,-95.0404527
SHORE SUBSTATION,29.6231511,-95.0419129
MIRAGE SUBSTATION,29.6459671,-95.0536446
HANNA SUBSTATION,29.5976689,-95.0312974
HUNTER SUBSTATION,29.6014186,-95.0144409
SANDY POINT SUBSTATION,29.6799068,-95.0118121
ALKANE SUBSTATION,29.6814436,-95.0214445
BIG BAY SUBSTATION,29.6233565,-95.0454021
ORION SUBSTATION,29.6287037,-95.0450702
INTERMEDIATE SUBSTATION,29.6066748,-95.4468883
T. H. WHARTON SUBSTATION,29.939627,-95.5330859
JESTER SUBSTATION,29.9901075,-95.4576558
VETERAN SUBSTATION,29.9680988,-95.4855048
KARNACK TAP,32.6736457,-94.1746487
KARNACK SWITCH,32.6834239,-94.1522109
KIERSEY SUBSTATION,33.9987519,-96.4564611
RÍO BRAVO,25.9810051,-98.0624232
WYNTEX SUBSTATION,30.7423221,-95.5513515
PIPELINE SUBSTATION,31.94471,-106.3642005
GLADSTONE,36.3225526,-104.0425675
NORTH HUNTINGTON SUBSTATION,35.0851756,-94.2676661
CHAVES COUNTY SUBSTATION,33.4522091,-104.4513906
FOUNDRY SUBSTATION,36.2400008,-95.2742133
REDDEN SUBSTATION,36.2293364,-95.2841013
HEREFORD NORTHEAST SUBSTATION,34.8495522,-102.3461473
DEAF SMITH #6 SUBSTATION,34.7496256,-102.4780051
PARMER COUNTY SUBSTATION,34.518098,-102.8671968
DEAF SMITH #24 SUBSTATION,34.5256824,-102.8513583
CARGILL SUBSTATION,34.5962871,-102.7457114
FRIDONA RURAL SUBSTATION,34.607442,-102.7278491
DEAF SMITH #20 SUBSTATION,34.4532774,-102.9728896
FARWELL SUBSTATION,34.3889342,-103.038674
PLEASANT HILL SUBSTATION,34.4883471,-103.1462456
CLOVIS EAST SUBSTATION,34.4263723,-103.1694361
SALT DRAW SUBSTATION,31.3381463,-103.5029377
DRAW TAP,33.1891016,-101.6657625
RANSOM CANYON SUBSTATION,33.5277942,-101.6970057
MOULTON SOUTH SUBSTATION,29.5310832,-97.1402348
POMELO SUBSTATION,26.4448907,-98.4772235
RIDGE SUBSTATION,31.1047961,-96.2946075
LIMESTONE SUBSTATION,31.4218841,-96.2462874
AMERIGAS SUBSTATION,31.3560756,-96.160354
BROWN MAGNOLIA SUBSTATION,31.2303082,-96.1305441
OLETHEA SUBSTATION,31.4008639,-96.4264749
TEAGUE MAIN SUBSTATION,31.6472959,-96.2968216
FREESTONE SUBSTATION,31.5437615,-96.2483046
PLEASANT SPRINGS SUBSTATION,31.1748156,-95.8524922
PLEASANT SPRINGS TAP,31.3292448,-95.888635
CENTERVILLE I-45 SUBSTATION,31.352133,-96.0166123
TEMPLE INLAND SUBSTATION,31.3819076,-94.8674191
MUSTANG PRAIRIE SUBSTATION,31.2378272,-95.5825141
LATEXO SUBSTATION,31.3643775,-95.4252227
BEREA SUBSTATION,31.3583164,-95.3185643
GRAPELAND MAGNOLIA SUBSTATION,31.4601128,-95.6874096
POINT BLANK SUBSTATION,30.7527057,-95.2252999
CEDAR SUBSTATION,30.8687471,-95.661472
DORRELL SUBSTATION,30.5244202,-95.3888255
EVERGREEN SWITCHING STATION,30.5322086,-95.4624407
TEMCO SUBSTATION,30.5321692,-95.4629808
GEORGIA SUBSTATION,30.5725883,-95.473241
GOREE SUBSTATION,30.6806364,-95.5006421
MOUNT ZION SUBSTATION,30.7208961,-95.6694476
COLD SPRING SUBSTATION,30.5687207,-95.1036618
COLEY CREEK SUBSTATION,30.4950073,-94.9667416
RIVTRIN SUBSTATION,30.8403135,-95.4083634
FERMI SUBSTATION,29.7697421,-100.7875274
OGLETREE SUBSTATION,30.7040248,-94.9525792
LIVINGSTON SUBSTATION,30.714288,-94.9175312
BRAGG SUBSTATION,30.4330558,-94.5833142
GULF SWITCHING STATION,30.6460887,-94.8150057
GULF LIVINGSTON SUBSTATION,30.6459232,-94.8148702
GULF TRINITY SUBSTATION,30.8377542,-95.1729137
ONALASKA SUBSTATION,30.850288,-95.1091566
HIGHTOWER SUBSTATION,30.413075,-94.9268651
HERTY NORTH SWITCHING STATION,31.4196245,-94.6784183
CHAMPION PAPER MILL SUBSTATION,31.3583479,-94.6793799
BIOMASS SUBSTATION,31.369262,-94.7389678
CORRIGAN SUBSTATION,30.9925568,-94.8037203
MAGNOLIA GROVETON SUBSTATION,30.9756965,-95.1638016
KICKAPOO SUBSTATION,31.0062077,-94.9999682
SLOCUM SUBSTATION,31.617997,-95.4880931
GRAPELAND SUBSTATION,31.5085079,-95.4584493
BROADDUS SUBSTATION,31.2914061,-94.2666777
ETOILE SUBSTATION,31.3365039,-94.3977489
WETSEL SUBSTATION,32.6295111,-100.5469642
CLAYTONVILLE SUBSTATION,32.628064,-100.5456005
TWO DRAW SUBSTATION,33.2196926,-101.4086396
YANCY SUBSTATION,33.1524222,-101.3720167
DRAW SUBSTATION,33.0066147,-101.6664636
JUSTICEBERG SUBSTATION,33.0035254,-101.1623632
SOUTHLAND SUBSTATION,33.3578323,-101.5558754
HACKBERRY SUBSTATION,33.2867624,-101.5570062
CHIRENO SUBSTATION,31.5196546,-94.3521097
NACOGDOCHES SOUTH SUBSTATION,31.5789453,-94.6389968
NACOGDOCHES SUBSTATION,31.6084441,-94.6762841
NACOGDOCHES SOUTHWEST SUBSTATION,31.567535,-94.6786986
TATER HILL SUBSTATION,31.6843576,-98.6036635
CORN TRAIL SWITCHING STATION,31.818833,-98.6636478
DENISON DAM SUBSTATION,33.8167356,-96.5685696
TERRANOVA,31.5548139,-106.4061325
RAFTER SUBSTATION,29.4166937,-98.8062084
AHMSA,26.8840969,-101.4596723
TOLLETTE SUBSTATION,33.8187547,-93.8969737
EDMONT FAIRFIELD SUBSTATION,35.6451013,-97.5131588
WALNUT CREEK,34.9868473,-97.3719369
AIRPORT N WEST SUBSTATION,32.926928,-97.0439455
KINGS ROW SUBSTATION,33.2499992,-97.0985878
VALLE DE JUÁREZ,31.7023906,-106.3731413
EAST CENTERTON SUBSTATION,36.3583473,-94.2457605
SAMALAYUCA Y SAMALAYUCA 2,31.3301619,-106.4846557
AUSTIN SUBSTATION,31.7830319,-106.4200852
LLANO GRANDE,25.8000461,-97.4508465
QUAY GS,35.1839547,-103.730402
BORDAS II SUBSTATION,27.4393298,-98.9066251
MARTINEZ SUBSTATION,29.4506996,-98.3223674
HAWKINS SUBSTATION,32.5928573,-95.2006171
CITY OF LEVELLAND SUBSTATION,33.5902607,-102.3763021
QUITMAN SUBSTATION,32.795316,-95.4273849
GREENHOUSE SWITCHING STATION,36.355961,-94.2504071
GERALD GAY SUBSTATION,36.2384379,-95.2820704
PORT OF CATOOSA SUBSTATION,36.2481184,-95.7451489
PATTERSON SUBSTATION,33.6836274,-94.1447263
AMBER JACK SUBSTATION,31.8481375,-103.8827976
DARLINGTON ROAD,35.5897953,-98.1379643
KIOWA 1 SUB,32.5010783,-103.9680828
RUSHING NATURAL GAS SUBSTATION,34.7960911,-97.7976678
PURCELL,35.0170946,-97.3771323
ROADRUNNER SUBSTATION,32.2122948,-103.5324484
SCISSORTAIL SUBSTATION,35.5551784,-96.5514065
DENVER CITY SUBSTATION,32.9728238,-102.7433121
ALEX BRADLEY SUBSTATION,34.8536835,-97.7963689
BYRD SUBSTATION,32.6117394,-103.3088459
CORNVILLE SUBSTATION,35.0217614,-97.8940013
LEE SUBSTATION,32.8063899,-103.4596872
TEXACO CO2 SUBSTATION,32.78583,-103.5092474
NE ENID SUBSTATION,36.4408004,-97.8360333
BECKNER SUBSTATION,35.6118969,-106.0284691
MADILL INDUSTRIAL SUBSTATION,34.072833,-96.7527562
PNM DUMP SITE,35.7039432,-105.9580156
CV SKELLY SUBSTATION,32.8059916,-103.8848922
CV LUSK SUBSTATION,32.6524685,-103.8570826
PCA SUBSTATION,32.5734001,-103.9762078
HOPI SUBSTATION,32.3492565,-104.2201289
DENTON SUBSTATION,33.0437122,-103.1723809
CEMETERY ROAD SUBSTATION,35.3102553,-97.7634414
CAMINO ALIRE SUBSTATION,35.683922,-105.9664863
CUSHING TAP SUBSTATION,36.0137802,-96.7463633
CARNEY SUBSTATION,35.8121833,-97.0191108
CUSHING SUBSTATION,35.983602,-96.8032448
WARWICK,35.766781,-96.9816156
AIR DEPT. SUBSTATION,35.4022507,-97.4043788
MESA DEL SOL SUBSTATION,34.9929686,-106.6140142
MATAMOROS POTENCIA,25.8278066,-97.6352888
WAIT CANYON SUBSTATION,32.4211689,-104.4543051
CONE BUTTE SUBSTATION,32.3998251,-104.5585634
NORTH LOVING SUB,32.2962561,-104.1288143
CHINA DRAW SUBSTATION,32.0623778,-104.1156199
POJOAQUE SUBSTATION,35.8618341,-106.0021306
KEWA SUB,35.4696981,-106.3025892
HERNANDEZ SUBSTATION,36.0456737,-106.1114163
PORK CHOP HILL SUB,35.6418077,-105.2435313
TALPA SUB,36.3334953,-105.5919948
PENASCO SUBSTATION,36.1723045,-105.6810666
BOWIE-CASS ELECTRIC DISTRIBUTION SUBSTATION,32.977975,-94.7206128
LONE OAK,34.8720086,-95.5440228
STIGLER SUBSTATION,35.2889247,-95.1137366
HIGH LONESOME MESA WIND SUBSTATION,34.4726632,-105.9671369
ATMOS ENERGY CREEK CROSSING SUBSTATION,32.7578657,-96.5464195
STARDUST SUB,35.3159167,-106.5252115
INDUSTRIAL PARK SUB,36.0067145,-106.0905064
WHITE SANDS SUB,32.3875516,-106.478964
BDD,35.688419,-106.0793592
RANGE CAMP SUB,32.4058092,-106.1440884
BIGGS SUBSTATION,31.8640739,-106.3396606
SUGAR HILL SUBSTATION,33.4901277,-94.0357426
CANTON 1 SUBSTATION,36.0583715,-98.747182
KEENAN SUBTATION,36.2765489,-99.490564
OU SPIRIT SUBSTATION,36.3344465,-99.4803869
WHIRPOOL SUBSTATION,36.2591196,-95.9163992
CHEROKEE DATA CENTER SUBSTATION,36.2589833,-95.9115882
CHEROKEE INDUSTRIAL PARK SUBSTATION,36.258076,-95.9117694
RANGER SUBSTATION,32.4717661,-98.6408787
TINKER #4 SUBSTATION,35.4291896,-97.3945266
TINKER #6 SUBSTATION,35.414423,-97.3728809
SUBSTACION MEDANOS,31.5771593,-106.3739352
EXECUTIVE PARKWAY SUBSTATION,32.751757,-97.0740087
CFE,31.6997144,-106.3942958
RITA SUB,35.0956535,-106.6049379
INDIAN HOSPITAL SUB,35.0893396,-106.6160597
TULSA WILLIAMS PIPELINE CO SUBSTATION,36.1331839,-96.0297844
BOWERS SUBSTATION,35.4476094,-100.8659278
CHIMAYO SUB,36.0042231,-105.9335962
CUSHING OILFIELD SUBSTATION,35.9353961,-96.7144219
GREAT PLAINS SUBSTATION,35.9282995,-96.7409196
BLUEBIRD SUBSTATION,33.9788784,-96.0062372
AEROPUERTO,25.9785893,-98.2765188
HIGH ROLLS SUB,32.9556492,-105.8260376
PICANTE SUBSTATION,31.8802133,-106.3144331
YUCCA DRIVE SWITCHING STATION,31.5877062,-102.9550115
SERVICE PL SUBSTATION,35.9908899,-96.5778321
53RD & GARNETT SUBSTATION,36.0869552,-95.8469682
FORD GLASS SUBSTATION,36.0809308,-95.8294575
FOUNDRY SOUTH SUBSTATION,36.2298636,-95.2737862
HUNT INTERCONNECT,36.2478494,-95.3010531
ASHDOWN SUBSTATION,33.6746154,-94.1251094
CANTON LAKE SUBSTATION,36.056899,-98.6329267
DURANT SUBSTATION,34.0123962,-96.3028351
PUEBLO COCHITI SUB,35.552705,-106.2379635
STORRIE LAKE SUB,35.6732232,-105.2276181
WAGON MOUND SUB,36.0067267,-104.7013926
DIERKS SUBSTATION,34.1198575,-94.0116378
ENERGÍA BUENA VISTA,26.2077801,-98.3977168
HERRON SUBSTATION,36.2433979,-95.3190827
IGLOO VALLEY SUBSTATION,36.2192227,-95.3158077
GREC #3 INTERCONNECT,36.1830546,-95.2828076
CHAVES SOLAR FARM SUB,33.4508063,-104.4533709
ROSWELL SOLAR SUB,33.4454214,-104.448712
ANGEL FIRE SUB,36.3994043,-105.2855409
ESPERANZA SUBSTATION,29.8005819,-98.6650113
ZUZAX SUB,35.1096354,-106.335498
SUBESTACIÓN INTERPUERTO,25.906039,-100.2928566
EL ENCINO II,28.443302,-105.9143222
EL ENCINO,28.4471216,-105.917961
SUBESATCIÓN FRANCISCO VILLA,28.1663823,-105.4450984
GABLE STREET SUBSTATION,29.7644268,-95.3525077
SAINT JOHN SUBSTATION,36.1349751,-95.965305
LONE STAR SUBSTATION,36.271892,-95.2234357
SOONER PUMP SUBSTATION,36.4639087,-96.9804753
TERRA NITROGEN SUBSTATION,36.2346607,-95.7210783
VERDIGRAS SUBSTATION,36.2847041,-95.6512023
PRYOR CITY #3 SUBSTATION,36.3093156,-95.2926447
PRYOR CITY #1 SUBSTATION,36.3094752,-95.3202238
AMERICAN CARBIDE SUBSTATION,36.2687256,-95.2628423
LOCUST GROVE SUBSTATION,36.1471657,-95.1484381
77TH & MEMORIAL SUBSTATION,36.0533422,-95.8854235
OMEGA SUBSTATION,35.8348458,-98.2684282
ZUNIS SUBSTATION,36.1464493,-95.9596518
46TH ST NORTH SUBSTATION,36.2200012,-95.9732033
52ND & DELAWARE SUBSTATION,36.0880032,-95.9478294
BUTTERFIELD SUBSTATION,33.9681959,-96.4259749
81ST & YALE TAP SUBSTATION,36.0471005,-95.9261487
EL RANCHO SUBSTATION,35.8894355,-106.0848779
ANÁHUAC TAMAULIPAS POTENCIA,25.7991891,-97.7779898
MOHAWK SUBSTATION,36.2125196,-95.9357264
AMERICAN AIRLINES SUBSTATION,36.2127783,-95.8754086
COWETA JCT,35.9538911,-95.5826798
TULSA SUNRAY SUBSTATION,36.1368721,-96.025142
LYNN LANE SUBSTATION,36.1367833,-95.7660362
OWASSO SUBSTATION,36.2791324,-95.8384931
VELARDE SUBSTATION,36.1695804,-105.9620093
HAMMETT SUBSTATION,35.5527237,-97.1053336
UNION AVENUE REFINERY SUBSTATION,36.1412189,-96.0099416
NORTE CERESO,31.4776024,-106.4720657
KEY WEST SUBSTATION,35.7093188,-96.6682754
HIGHWAY 20 SUBSTATION,36.3752178,-96.2853472
BLANCHARD SOUTH SUBSTATION,35.0625056,-97.6535557
TUTTLE CONOCO,35.3066305,-97.7640199
HOBART SUBSTATION,35.0249837,-99.0870914
OU MED. CENTER SUBSTATION,35.4780095,-97.4901609
PAWNEE,36.34992,-96.79947
SOAPTREE SWITCHING STATION,31.0830606,-102.3936369
LYNX SUBSTATION,31.0718593,-102.3935068
CORAL SUBSTATION,31.0375442,-103.7226557
CRYO SUBSTATION,31.0468014,-103.72069
SAND LAKE SWITCHING STATION,31.5105009,-103.4645021
HORSESHOE SPRINGS SWITCHING STATION,31.8279719,-104.2260596
KYLE RANCH SUBSTATION,31.9306472,-103.6516483
RIVERTON SWITCHING STATION,31.8069105,-103.8608287
TUNSTILL SUBSTATION,31.8742393,-103.861176
OWL HILLS SUBSTATION,31.9827299,-104.0632638
3-MILE DRAW SUBSTATION,31.8142685,-103.9830076
MENTONE SUBSTATION,31.6446132,-103.6651791
PECONE SUBSTATION,31.5096737,-103.5173591
MCLLVAIN SUBSTATION,31.5086777,-103.6164969
LINDLEY RANCH SUBSTATION,31.7955843,-103.7312342
MAVERICK DRAW SUBSTATION,31.6666686,-104.1189025
QUARRY FIELD SWITCHING STATION,31.7829653,-103.6387028
WOLF SWITCHING STATION,31.6018001,-102.9327994
TRANS-PECOS SUBSTATION,31.2753226,-103.1177723
LOTEBUSH SUBSTATION,31.2916032,-103.1171075
EAGLE CLAW MIDSTREAM SUBSTATION,31.3328157,-103.5037756
TORRECILLAS SUBSTATION,27.6190422,-98.8400848
PINTO CREEK SUBSTATION,29.3505027,-100.5617693
SOUTHTON SUBSTATION,29.3131715,-98.4091284
MAZIE SUBSTATION,36.1192106,-95.3690321
WAGONER TAP SWITCHING STATION,35.9737252,-95.4038626
SOUTHERN HILLS SUBSTATION,36.0683932,-95.9596973
DIXIE SUBSTATION,36.2167068,-96.4177263
KASTLE,36.0436507,-96.9192729
PERRY,36.2022736,-97.1949236
CENTRAL,36.1187697,-97.0541336
BOOMER LAKE,36.1430713,-97.0670431
FERGUSON,36.1599085,-97.0349426
CLEVELAND 69 SUBSTATION,36.305365,-96.4694166
ORLANDO,36.1295961,-97.3709946
MULHALL,36.0296627,-97.4608792
SKIATOOK EAST SUBSTATION,36.3670462,-95.9557087
HISSOM SUBSTATION,36.1346937,-96.1731846
SINNETT SUBSTATION,36.2086008,-96.2953974
KNIPE SUBSTATION,35.9704852,-97.0146299
STROUD,35.7681118,-96.7168334
YALE SUBSTATION,36.1013595,-96.6674466
ANTIOCH SUBSTATION,36.1076584,-96.6597122
GREEN SUBSTATION,36.2656098,-96.1231351
CUSHING #1 SUBSTATION,35.9675301,-96.7700853
YOAKUM SUBSTATION,33.1253054,-102.7660413
EL FRAILE,25.901404,-100.3421581
RÍO BRAVO 2,25.8007128,-97.780423
LACEY SUBSTATION,36.145732,-98.0333524
LOS CAVOS SUB,35.0919565,-105.7171766
DRUMRIGHT SUBSTATION,35.9894483,-96.6003926
CASHION SUBSTATION,35.7907956,-97.5841518
EARL DEAN HICKS,36.2760563,-97.2823868
BEAVER SUBSTATION,36.4226458,-93.8461485
SAND DUNES SUBSTATION,32.2915628,-103.7918361
LIVINGSTON RIDGE SUBSTATION,32.4135459,-103.7905025
TIJERAS SUBSTATION,35.0797926,-106.3851427
HAGAN SUBSTATION,35.3611052,-106.338133
PNM 2ND/MONTANO,35.1375799,-106.6365187
LATIMER SWITCHYARD,32.5119783,-99.3863569
MINCO WIND SUBSTATION,35.3711816,-98.1355286
RAINEY STREET SUBSTATION,30.2568613,-97.7379703
38TH SUBSTATION,35.5095585,-97.5638804
SAN ANTONITO SUB,35.1639791,-106.3502261
OWASSO 109TH STREET SUBSTATION,36.3115446,-95.8140997
CLAREMORE TRANSOK SUBSTATION,36.2831213,-95.6616474
OKEMAH SUBSTATION,35.4313023,-96.2944657
HOLDENVILLE EXPLORER SUBSTATION,35.0834731,-96.2824102
HOPE SOUTH SUBSTATION,33.6606376,-93.5915438
SCHOLLE SUBSTATION,34.4181246,-106.47289
OPAL SUBSTATION,34.5392721,-93.9993749
UMPIRE SUBSTATION,34.2687236,-94.0494988
LOCKESBURG SUBSTATION,33.9899165,-94.1785426
GRANNIS SUBSTATION,34.2418428,-94.3032824
WICKES SUBSTATION,34.2876757,-94.344122
COVE SUBSTATION,34.4515843,-94.4066079
VETERANS SUBSTATION,34.6662941,-99.3072203
REBAR SUBSTATION,33.9829955,-96.3478391
WILBURTON SUBSTATION,34.913417,-95.3183837
RELOJ DEL SOL WIND FARM SUBSTATION,27.1103315,-99.338858
GCVC SUBSTATION,27.9322441,-97.3207198
STEEL DYNAMICS SUBSTATION,28.0568296,-97.4459822
CIVIT SUBSTATION,34.7978245,-97.16454
PRYOR CONTINENTAL PIPE SUBSTATION,36.2845499,-95.4191083
TARBY SUBSTATION,35.1151117,-94.6297529
SHADY POINT 2 SUBSTATION,35.1130122,-94.6561473
WESTERN SPIRIT SWITCHYARD,34.6306888,-105.6606446
GLENCOE SUB,33.4202112,-105.4409289
TINNIE SUB,33.3720968,-105.2270153
CORONA SUB,34.2452021,-105.5933065
FLOYD SUB,34.2142976,-103.5279941
HUBBARD 1 WIND FARM SUBSTATION,31.7512709,-96.8892898
REEVES ROAD SUBSTATION,35.1950377,-94.3612474
ROADRUNNER,31.2077402,-102.181854
NOLAN WEST 2 SUBSTATION,32.2356029,-100.4539051
SALLISAW SUBSTATION,35.5107464,-94.7722406
TEXOMA SUBSTATION,33.9697686,-96.6739405
ENOS SUBSTATION,33.8927093,-96.7519869
SOUTH LOVINGTON SUBSTATION,32.9144952,-103.350513
FAMARISS SUBSTATION,32.8850269,-103.3018677
ENVILLE SUBSTATION,34.0094212,-96.9908162
CHISHOLM,35.3771513,-99.7197402
PERSIMMON CREEK WIND FARM SUBSTATION,36.1804659,-99.3456342
SOUTH BROWN SUBSTATION,34.0856681,-96.4973853
BRECKINRIDGE SUBSTATION,36.4477582,-97.6865669
KINGFISHER SUBSTATION,35.7043669,-97.8706056
LITTLE CITY SUBSTATION,34.088403,-96.6018675
EXPLORER PL. DURANT,34.1139623,-96.3255345
SOUTH COLEMAN SUBSTATION,34.200376,-96.4256946
DRIPPLING SUBSTATION,34.16783,-97.0387872
STIRLING SUBSTATION,34.1710306,-97.0018425
BENNINGTON SUBSTATION,34.0266622,-96.0247696
VACUUM SUBSTATION,32.7893301,-103.5045636
SUBESTACIÓN CFE VILLA LÓPEZ,27.0250947,-105.0074379
BISCUIT HILL SUB,33.3554765,-105.5443269
QUAHADA SUBSTATION,32.6162613,-103.7845602
WOOD DRAW SUBSTATION,32.097329,-103.9284435
PHANTOM SUBSTATION,32.1599744,-103.8644573
MALAGA BEND SUB,32.241869,-103.9726926
COTTONWOOD SUB,35.1981236,-106.6527977
LAWTON GORE,34.6094564,-98.3880982
MAUD SUBSTATION,35.1312407,-96.8081222
LITTLE RIVER TAP,35.1445463,-96.6368285
UNITED CLAY SUBSTATION,35.1457441,-96.6146926
PAYNE SUBSTATION,34.8923993,-97.5548792
LINDSAY SUBSTATION,34.840587,-97.5635714
MANIOBRAS BORDER SOLAR,31.5354285,-106.4863616
BRADLEY SUBSTATION,34.8270861,-97.685156
ACME SUBSTATION,35.2773119,-97.4846393
HAYMAKER SUBSTATION,35.5517721,-97.7280732
LAKESIDE SUBSTATION,35.5503521,-97.6106908
WILSHIRE SUBSTATION,35.5524777,-97.5729774
BRADEN PARK SUBSTATION,35.6066688,-97.6392228
WHITE SUBSTATION,35.7103722,-97.4697794
DANFORTH SUBSTATION,35.6677986,-97.4510384
BURGETT SUBSTATION,35.6858942,-97.4078169
ROUND BARN SUBSTATION,35.6917965,-97.3168116
EDMOND GARBER LAKE SUBSTATION,35.6522075,-97.3543281
CHITWOOD SUBSTATION,35.6013629,-97.3120144
ACORN SUBSTATION,35.5597716,-97.4060453
BRYANT SUBSTATION,35.5758759,-97.462689
EASTERN AVENUE SUBSTATION,35.633224,-97.4788718
84TH STREET SUBSTATION,35.5561264,-97.5281392
WEATHERFORD SOUTHEAST SUBSTATION,35.5074721,-98.67884
WEATHERFORD SUBSTATION,35.5242293,-98.7053576
GREEN PASTURES SUBSTATION,35.5370839,-97.338793
PARK PLACE SUBSTATION,35.47975,-97.5112323
CHEMETRON,35.4324843,-97.6407458
WHITTEN SUBSTATION,32.2107349,-103.2628696
CUSTER MOUNTAIN SUBSTATION,32.2109314,-103.3313035
CROSSTOWN SUBSTATION,35.4548668,-97.5095468
CUADRO DE MANIOBRAS CEMENTOS,31.421957,-106.4662877
NORGE ROAD SUBSTATION,35.0166885,-97.9749117
CARDINAL SUBSTATION,32.4217772,-103.1907153
SAGE BRUSH SUBSTATION,32.3815091,-103.4990385
CERESO JUÁREZ,31.4956101,-106.4552591
TWIN LAKES SOUTHWEST,35.8998124,-97.6480242
COOPER RANCH SUBSTATION,32.5405386,-103.2958938
COLBERT SUBSTATION,33.8814608,-96.4987295
SUBESTACIÓN MANIOBRAS LA LUCHA,26.5601148,-104.1453466
SEMINOLE,32.7828601,-102.6756116
ALLRED SUBSTATION,33.1530257,-102.9045397
MEDANOS SUBSTATION,32.3621596,-103.7365718
NEWHART,34.4671951,-102.0690363
SOUTH LOVING SUB,32.2693559,-104.099942
RINGWOOD SUBSTATION,36.3914392,-98.2653681
GUTHRIE SUBSTATION,36.1896797,-99.4165883
GREAT WESTERN SUBSTATION,36.1600434,-99.5824573
OKTAHA SUBSTATION 345KV,35.5700084,-95.5160257
GLASSES SUBSTATION,34.0888118,-96.7503456
WESTERN TRAIL WIND FARM SUBSTATION,33.8432241,-99.057378
SUBESTACIÓN LOS NOVILLOS,29.2814901,-100.9719904
SUBESTACION LOMA REAL,27.4378088,-99.5195549
BELL COW SUBSTATION,35.7078045,-96.8604746
TRYON SUBSTATION,35.8847251,-96.9750421
JACKTOWN SUBSTATION,35.5077577,-96.9358309
MEEKER SW SUBSTATION,35.4700688,-96.8778478
SHAWNEE SUBSTATION,35.3046793,-97.0500408
GARDEN GROVE SUBSTATION,35.422857,-96.7895623
PRAGUE SUBSTATION,35.4780618,-96.6485925
CHERNICKY SUBSTATION,35.4044626,-96.6399522
KOLACHE SUBSTATION,35.4778316,-96.6396052
PARADIGM SUBSTATION,35.3764181,-96.6440049
TRANSCANADA SUBSTATION,35.2908791,-96.4489327
SEVEN CLANS SUBSTATION,35.8740017,-94.9699895
WISTER SUBSTATION,34.9871476,-94.6293663
BOONEVILLE SUBSTATION,35.1376555,-93.920056
DCP ZIA SUBSTATION,32.6414394,-103.8074187
ZIA SUBSTATION,32.652108,-103.7969164
CV-MALJAMAR3 SUBSTATION,32.8219755,-103.8402909
BATTLE AXE SUBSTATION,32.0921352,-103.7262939
MADDOX SUBSTATION,32.7135457,-103.3020049
JOHNSONS BAYOU SUBSTATION,29.761712,-93.6285573
ARTESIA SOUTH SUBSTATION,32.7992142,-104.3951669
EL CARMEN,25.9417247,-100.3631128
SAUNDERS TAP,32.9805869,-103.6078022
VALLE ESPERANZA,29.8572377,-106.1799219
LIMESTONE WIND SUBSTATION,31.8534454,-96.6219567
BERNOULLI SUBSTATION,31.7991388,-101.4664311
TARGA SUBSTATION,32.4237684,-103.1479838
MALJAMAR SUBSTATION,32.81173,-103.7730407
DTM LOUISIANA SUBSTATION,31.5994801,-93.530858
PELICAN TREATING SUBSTATION,31.8858925,-93.5448698
TURK SUBSTATION,33.6560238,-93.8153781
SOUTH NASHVILLE SUBSTATION,33.9213921,-93.8609919
MENA SUBSTATION,34.5658721,-94.2547262
NEKOOSA PAPER SUBSTATION,33.6431359,-94.1127012
NITROUS OXIDE SUBSTATION,35.5008163,-94.1069354
BELLA VISTA SUBSTATION,36.4718864,-94.243532
SHIPE ROAD SUBSTATION,36.3582266,-94.354513
CENTERTON SUBSTATION,36.3576001,-94.2763599
GOSHEN SUBSTATION,36.1073362,-94.0028222
BOGGY SUBSTATION,33.2255604,-93.8883676
SIERRA SUBSTATION,33.3218048,-104.5152697
HOMINY SUBSTATION,36.4196951,-96.3717822
EL MEZQUITE,26.158829,-100.6611988
ALIANZA REAL,25.8491939,-100.3804835
STRATA #2 SUBSTATION,32.3500222,-103.9372795
IMC #4 SUBSTATION,32.3227425,-103.8606572
HORNSBY SUBSTATION,30.2319767,-97.6138648
TESLA BATTERY SUBSTATION,30.2314058,-97.6158352
QUAINT STATION,32.574826,-99.7956049
XTO DI9 SUBSTATION,32.4370118,-103.8656988
ASHTON WOODS,30.4432169,-97.705001
ALCALDE SUBSTATION,36.0737561,-106.0624081
LEIGH SUBSTATION,32.622101,-94.1524344
KELLER MAGNOLIA SUBSTATION,32.9395792,-97.2970188
COMPAÑÍA CERVECERA DE COAHUILA,28.5771365,-100.6032678
INDUSTRIA VIDRIERA COAHUILA,28.5731031,-100.5973456
SANGER EAST SUBSTATION,32.7117812,-103.0930992
SAGEBRUSH SUBSTATION,35.050612,-106.6292933
FORT SUMNER SUBSTATION,34.4775165,-104.2424793
CROSS ROADS SUBSTATION,32.4530271,-94.2376958
MISSION HILL SUBSTATION,35.3050493,-96.9179125
KINGFISHER SW SUBSTATION,35.798035,-97.9508776
MUSTANG CA SUBSTATION,35.3763216,-97.7429192
UNIVERSITY,36.1236833,-97.0951529
INTREPID WEST SUBSTATION,32.4873484,-103.9413829
SAN JON SUBSTATION,35.1033953,-103.3307504
QUAY SUBSTATION,35.0846064,-103.3308008
PROGRESS SUBSTATION,34.3012739,-102.8283856
LARIAT SUBSTATION,34.2880977,-102.8977838
DURAZNO SUBSTATION,31.7747733,-106.4358275
RIO GRANDE SUBSTATION,31.8055655,-106.5470461
MOONGATE SUBSTATION,32.4325382,-106.6498906
TATUM SUBSTATION,33.2427303,-103.248784
PRAIRIEVIEW SUBSTATION,33.1410554,-103.1628951
NEW-TEX SUBSTATION,33.0666909,-103.0626635
LEWIS SUBSTATION,33.1824639,-103.0614078
PARK MEADOWS SUBSTATION,36.3143739,-95.919122
NEWELL SALVAGE CO. #1 SUBSTATION,29.4028363,-98.4931665
CEDARDALE SUBSTATION,36.3481941,-98.9080084
WEST ARTESIA SUBSTATION,32.8394057,-104.4733899
ARTESIA COUNTRY CLUB SUBSTATION,32.8326462,-104.4306861
NAVAJO #4 SUBSTATION,32.8479675,-104.3903485
NAVAJO #5 SUBSTATION,32.8476833,-104.3908337
NAVAJO #3 SUBSTATION,32.8497416,-104.3934866
NAVAJO #2 SUBSTATION,32.8494977,-104.3938972
SHELL PIPELINE SUBSTATION,35.9594862,-96.7504528
SEAWAYS SUBSTATION,35.9389941,-96.7467702
SKELLY PIPELINE SUBSTATION,35.9335075,-96.7496197
EAST BIG LAKE SUBSTATION,31.1820446,-101.4068607
ITALY SUBSTATION,32.1869673,-96.8931004
YUBA SUBSTATION,33.8086594,-96.2537541
MID-VALLEY PIPE SUBSTATION,32.6103081,-94.221141
NEWMAN AVENUE SUBSTATION,36.2779646,-99.871972
WOODWARD NITROGEN SUBSTATION,36.4368532,-99.4719256
WETUMKA SUBSTATION,35.2470953,-96.2471991
AMBER,35.144855,-97.8586202
C,35.9828633,-96.775441
D,35.9826443,-96.775442
H,35.9868479,-96.7495609
IRISH HILLS SUBSTATION,32.6704019,-104.4603946
ARTESIA TOWN SUBSTATION,32.840105,-104.3955713
NAVAJO #1 SUBSTATION,32.8445253,-104.3952944
ATOKA SUBSTATION,32.7402288,-104.4116796
ARTESIA 13TH STREET SUBSTATION,32.8361759,-104.41293
VERDE CIRCLE,29.47397,-98.6819595
CHICO SUB,35.0765606,-106.5288276
MHOON SUBSTATION,32.9074325,-103.3945064
POINT OF ROCKS SUBSTATION,36.3057606,-104.1870621
BENSING SUBSTATION,32.8285325,-103.1802057
COBURN CREEK SUBSTATION,35.4424808,-100.1380501
SOUTHWEST VERNON SUBSTATION,34.1172382,-99.2952681
MIDLAND EAST SUBSTATION,32.0202593,-102.0517002
RT7 SUB,32.4813712,-106.4350903
GRAHAM ROAD SUBSTATION,30.5796112,-96.291226
SAGINAW SWITCHING STATION,32.8217911,-97.3242754
ENRON SUBSTATION,32.5332167,-103.808319
TEZEL SUBSTATION,29.5186081,-98.6578844
SUBESTACIÓN PEMEX,26.0127174,-98.4800459
SUBESTACIÓN SAN CRISTOBAL,26.0330569,-98.4278374
HOLLY LAKE SUBSTATION,32.7313237,-95.1936395
RODGERS SUBSTATION,30.6687793,-96.3467671
CLAREMONT SUBSTATION,35.1141153,-106.636172
SNODGRASS SUBSTATION,32.2375997,-99.7764298
TOMATO SUBSTATION,32.3450966,-99.2972192
SOLANUM STATION,32.3521494,-99.2938365
JIM NED SUBSTATION,32.1942489,-99.7882161
GLAZIER SUBSTATION,36.0139401,-100.2677621
CAPELLA STATION,32.4827482,-99.9266669
THE HILLS SUBTATION,30.3519872,-97.979361
ONCOR DUNHAM SUBSTATION,33.0365691,-97.1909224
ONCOR DUNAHM SUBSTATION,33.0391272,-97.190996
SUNZIA SUBSTATION,34.342964,-105.5639942
NAPLES SUBSTATION,34.986504,-97.7050766
VERDEN NATURAL GAS SUBSTATION,35.058884,-98.1228648
SINCLAIR SUBSTATION,35.8672175,-96.6642432
NORTH KINGFISHER SUBSTATION,35.9267674,-97.9515659
REDCLIFFE SUBSTATION,36.1235384,-99.155638
IDEAL CEMENT SUBSTATION,34.7674863,-96.6962944
HOMER SUBSTATION,34.8263814,-96.6016157
SASAKWA SUBSTATION,34.9414764,-96.5340764
BRIDGE CREEK SUBSTATION,35.2702654,-97.7251576
AIR PRODUCTS SUBSTATION,36.2478762,-95.2803713
EXPLORER CLARK SUBSTATION,36.2640636,-95.4349454
TENKILLER SUBSTATION,35.5949264,-95.0516389
SINCLAIR PL SUBSTATION,35.332554,-96.9666698
LETHA SUBSTATION,35.195194,-96.66631
MACOMB O.C. PUMP SUBSTATION,35.2095141,-97.1244205
SERVICE SUBSTATION,35.1103606,-97.0553292
KONOWA OC PUMP SUBSTATION,34.9897188,-96.8263027
HAZEL SUBSTATION,35.0282088,-96.7395202
CLAYTON SUBSTATION,34.6073557,-95.3323542
PITTSBURG SUBSTATION,34.7169747,-95.8622422
GULF STAR,29.1899163,-95.9669568
HOPE LANE SUBSTATION,33.0551494,-106.0202436
SCENIC LOOP SUBSTATION,29.6762199,-98.6807354
MHOS SUBSTATION,32.9066717,-101.0077689
OWLS SUBSTATION,31.1765482,-101.5399055
BELKNAP SUBSTATION,32.6151756,-99.6506096
SODA LAKE SUBSTATION,31.1933416,-102.3136825
PECOS,31.4288846,-103.4987037
RAINSVILLE,35.9792916,-105.2274268
ABIQUIU SUBSTATION,36.2400252,-106.4231077
#9,34.1423094,-103.1438579
ALCAZAR,35.0724431,-106.5678313
ST. JOSEPH,35.1137396,-106.6969938
KALSEN GYPSUM PLANT,35.4837357,-106.2301612
FABENS,31.5050875,-106.1598745
DIAMOND HEAD,31.75219,-106.282091
SMELTER,31.789492,-106.5246465
RIO LAGO,29.755879,-99.0953503
RIO LAGO SOLAR,29.7567596,-99.0948239
PRAIRIE SUBSTATION,30.0592715,-94.1067731
RICEBIRD STEC SWITCHYARD,29.1081542,-96.5315186
NAMBE PUEBLO SUBSTATION,35.8826166,-105.9572879
JOHNSON SWITCHING STATION,32.3949545,-97.4854794
BECKHAM COUNTY,35.3725002,-99.7545007
WOLFCAMP,32.1617996,-103.8297394
GRANITE SUBSTATION,34.9577952,-99.3687013
LONE WOLF SUBSTATION,34.9918159,-99.2542485
